As Loterias - www.asloterias.com.br - Todos Resultados da TimeMania;;;;;;;;;
Este arquivo foi baixado no site www.asloterias.com.br no dia 19/03/2019;;;;;;;;;
Visite o site para baixar a versão mais atualizada deste arquivo!;;;;;;;;;
;;;;;;;;;
TODOS RESULTADOS DA TIMEMANIA POR ORDEM DE SORTEIO;;;;;;;;;
;;;;;;;;;
Concurso;Data;bola 1;bola 2;bola 3;bola 4;bola 5;bola 6;bola 7;Time do Coração
1306;16/03/2019;2;20;1;40;46;49;70;AMÉRICA/RJ
1305;14/03/2019;16;52;35;26;60;10;62;XV PIRACICABA/SP
1304;12/03/2019;60;5;27;20;54;11;19;RIO BRANCO/ES
1303;09/03/2019;45;42;28;12;75;47;55;SPORT/PE
1302;07/03/2019;23;33;3;49;39;67;36;CRUZEIRO/MG
1301;02/03/2019;80;46;15;43;73;49;68;SAMPAIO CORRÊA/MA
1300;28/02/2019;3;47;16;12;33;6;14;PAYSANDU/PA
1299;26/02/2019;68;2;45;15;80;20;63;SANTOS/SP
1298;23/02/2019;51;2;52;31;53;36;35;IPATINGA/MG
1297;21/02/2019;16;80;10;62;65;29;79;CRB/AL
1296;19/02/2019;22;50;36;72;26;68;4;CEARÁ/CE
1295;16/02/2019;60;4;80;78;58;74;28;BARUERI/SP
1294;14/02/2019;56;11;60;14;1;33;66;BAHIA/BA
1293;12/02/2019;28;75;27;72;70;17;30;…
1292;09/02/2019;70;6;18;20;79;32;40;VASCO DA GAMA/RJ
1291;07/02/2019;26;9;35;66;77;58;42;…
1290;05/02/2019;23;75;48;35;74;61;79;AVAÍ/SC
1289;02/02/2019;9;34;8;51;76;57;53;PONTE PRETA/SP
1288;31/01/2019;10;56;32;53;9;52;33;VASCO/RJ
1287;29/01/2019;51;8;42;39;44;18;62;VILLA NOVA/MG
1286;26/01/2019;33;48;2;44;72;27;78;SÃO RAIMUNDO/AM
1285;24/01/2019;10;13;55;31;33;23;26;SAMPAIO CORRÊA/MA
1284;22/01/2019;18;16;61;14;71;79;58;UBERLÂNDIA/MG
1283;19/01/2019;62;50;60;5;15;72;57;PONTE PRETA/SP
1282;17/01/2019;10;57;76;67;32;30;60;FLUMINENSE/RJ
1281;15/01/2019;59;54;8;76;74;58;26;REMO/PA
1280;12/01/2019;52;6;51;1;67;50;48;REMO/PA
1279;10/01/2019;31;65;29;6;5;11;49;RIO BRANCO/ES
1278;08/01/2019;49;2;29;16;31;3;63;RIVER/PI
1277;05/01/2019;48;42;31;67;20;47;29;AMÉRICA/MG
1276;03/01/2019;55;11;13;6;3;45;35;NÁUTICO/PE
1275;29/12/2018;14;4;30;19;46;72;20;CEARÁ/CE
1274;27/12/2018;14;49;58;51;76;63;66;GAMA/DF
1273;22/12/2018;3;67;63;58;48;1;61;FIGUEIRENSE/SC
1272;20/12/2018;33;44;76;41;21;18;28;PALMEIRAS/SP
1271;18/12/2018;68;16;30;37;20;72;66;VITÓRIA/BA
1270;15/12/2018;19;77;27;8;46;33;68;CORINTHIANS/SP
1269;13/12/2018;41;77;18;11;44;49;80;BOTAFOGO/PB
1268;11/12/2018;17;72;43;70;45;65;7;RORAIMA/RR
1267;08/12/2018;74;13;57;26;36;61;60;BOTAFOGO/RJ
1266;06/12/2018;70;14;60;46;34;17;13;BOTAFOGO/RJ
1265;04/12/2018;62;31;68;1;9;60;26;…
1264;01/12/2018;44;47;63;8;4;57;59;ABC/RN
1263;29/11/2018;71;30;58;31;12;64;52;SERGIPE/SE
1262;27/11/2018;56;59;25;58;13;70;27;PONTE PRETA/SP
1261;24/11/2018;41;76;79;60;19;7;72;SANTOS/SP
1260;22/11/2018;18;73;38;77;34;60;76;SÃO PAULO/SP
1259;20/11/2018;76;25;79;48;71;19;32;CSA/AL
1258;17/11/2018;3;79;6;68;46;14;67;IPATINGA/MG
1257;13/11/2018;55;59;47;21;76;66;38;SÃO RAIMUNDO/AM
1256;10/11/2018;13;9;27;42;43;20;44;PARANÁ/PR
1255;08/11/2018;76;79;16;22;44;41;61;CRICIÚMA/SC
1254;06/11/2018;62;25;71;19;75;2;16;OLARIA/RJ
1253;03/11/2018;43;32;47;16;70;22;35;CORINTHIANS/SP
1252;01/11/2018;68;62;60;27;32;50;61;VILLA NOVA/MG
1251;30/10/2018;6;28;16;50;31;20;77;CRICIÚMA/SC
1250;27/10/2018;32;13;69;67;73;60;21;BAHIA/BA
1249;25/10/2018;62;76;25;33;74;23;63;CORITIBA/PR
1248;23/10/2018;28;21;73;66;22;70;63;VILLA NOVA/MG
1247;20/10/2018;45;65;69;50;27;71;1;YPIRANGA/AP
1246;18/10/2018;63;41;62;72;31;79;21;JOINVILLE/SC
1245;16/10/2018;69;42;30;27;37;66;21;MIXTO/MT
1244;13/10/2018;14;22;75;32;39;40;35;BAHIA/BA
1243;11/10/2018;41;11;44;29;77;47;17;TREZE/PB
1242;09/10/2018;46;65;30;42;16;73;49;PAULISTA/SP
1241;06/10/2018;66;70;23;8;74;61;50;SANTOS/SP
1240;04/10/2018;79;66;48;64;74;75;9;CRICIÚMA/SC
1239;02/10/2018;12;28;63;73;58;80;76;CORINTHIANS/SP
1238;29/09/2018;7;12;50;65;30;18;80;MARÍLIA/SP
1237;27/09/2018;75;56;46;49;79;5;29;JI-PARANÁ / RO
1236;25/09/2018;39;80;69;5;20;34;50;DESPORTIVA/ES
1235;22/09/2018;31;80;52;26;41;24;50;LONDRINA/PR
1234;20/09/2018;60;61;50;1;7;71;67;JUVENTUDE/RS
1233;18/09/2018;4;6;32;58;62;5;17;PORTUGUESA DESPORTOS/SP
1232;15/09/2018;26;61;57;60;56;79;62;INTER LIMEIRA/SP
1231;13/09/2018;34;39;15;9;43;38;78;CRB/AL
1230;11/09/2018;27;76;34;64;68;7;21;BOTAFOGO/RJ
1229;08/09/2018;65;55;48;21;45;13;31;ATLÉTICO/GO
1228;06/09/2018;5;80;6;32;9;65;35;AMERICANO/RJ
1227;04/09/2018;41;19;77;9;20;67;58;OPERARIO/MS
1226;01/09/2018;80;19;70;43;6;69;74;NACIONAL/AM
1225;30/08/2018;17;77;14;24;60;31;59;CORITIBA/PR
1224;28/08/2018;18;30;55;72;40;6;45;VITÓRIA/BA
1223;25/08/2018;15;68;48;38;13;69;40;AMÉRICA/MG
1222;23/08/2018;46;37;14;52;42;17;36;RORAIMA/RR
1221;21/08/2018;19;12;70;67;58;47;48;OLARIA/RJ
1220;18/08/2018;73;46;69;56;10;18;35;OLARIA/RJ
1219;16/08/2018;22;38;48;1;34;62;3;PAYSANDU/PA
1218;14/08/2018;39;68;72;60;29;71;42;UBERLÂNDIA/MG
1217;11/08/2018;80;56;4;12;31;69;61;VILA NOVA/GO
1216;09/08/2018;36;50;15;79;22;71;16;FLUMINENSE/RJ
1215;07/08/2018;23;57;67;43;66;37;15;RIVER/PI
1214;04/08/2018;13;68;23;19;33;61;10;PAULISTA/SP
1213;02/08/2018;70;10;75;41;51;20;40;IPATINGA/MG
1212;31/07/2018;13;51;37;26;72;2;73;CRUZEIRO/MG
1211;28/07/2018;36;4;44;16;39;62;1;UNIÃO BARBARENSE/SP
1210;26/07/2018;7;65;79;31;56;61;12;CRB/AL
1209;24/07/2018;63;18;68;56;29;5;9;DESPORTIVA/ES
1208;21/07/2018;52;35;70;8;79;9;7;AMERICANO/RJ
1207;19/07/2018;53;35;41;4;48;56;43;ATLÉTICO/PR
1206;17/07/2018;5;13;48;41;69;49;8;PAULISTA/SP
1205;14/07/2018;7;23;54;75;69;70;29;PONTE PRETA/SP
1204;12/07/2018;32;65;39;70;5;29;51;BRASILIENSE/DF
1203;10/07/2018;44;62;24;31;57;11;50;SAMPAIO CORRÊA/MA
1202;07/07/2018;58;69;12;63;75;36;44;SÃO CAETANO/SP
1201;05/07/2018;26;54;24;52;18;33;36;SÃO  CAETANO/SP
1200;03/07/2018;74;53;65;77;15;58;62;SÃO PAULO/SP
1199;30/06/2018;34;10;24;29;22;30;36;JUVENTUS/SP
1198;28/06/2018;40;30;51;79;48;18;47;SÃO RAIMUNDO/AM
1197;26/06/2018;9;19;34;29;26;33;58;ATLÉTICO/GO
1196;23/06/2018;70;26;54;53;47;24;19;AMÉRICA/MG
1195;21/06/2018;6;75;9;61;38;56;13;AMERICANO/RJ
1194;19/06/2018;5;28;23;80;60;72;52;CRB/AL
1193;16/06/2018;27;52;66;57;23;54;71;VASCO DA GAMA/RJ
1192;14/06/2018;38;74;31;61;51;32;52;BRASILIENSE/DF
1191;12/06/2018;15;63;69;40;74;14;59;VILLA NOVA/MG
1190;09/06/2018;24;28;25;40;69;49;72;NACIONAL/AM
1189;07/06/2018;35;26;37;69;60;19;51;BRAGANTINO/SP
1188;05/06/2018;25;76;67;41;61;53;78;SÃO CAETANO/SP
1187;02/06/2018;41;5;50;66;52;71;39;OPERARIO/MS
1186;29/05/2018;80;71;77;52;10;79;64;INTERNACIONAL/RS
1185;26/05/2018;51;30;52;58;66;13;21;BARUERI/SP
1184;24/05/2018;72;51;13;65;31;2;28;AMERICANO/RJ
1183;22/05/2018;70;77;17;55;53;10;4;REMO/PA
1182;19/05/2018;21;8;78;19;46;17;76;MIXTO/MT
1181;17/05/2018;44;72;37;48;80;34;8;NÁUTICO/PE
1180;15/05/2018;29;79;45;58;1;73;68;SAMPAIO CORRÊA/MA
1179;12/05/2018;33;57;5;21;60;32;79;CORITIBA/PR
1178;10/05/2018;43;37;38;69;35;15;66;ABC/RN
1177;08/05/2018;14;65;74;30;33;54;7;FLAMENGO/RJ
1176;05/05/2018;61;66;67;12;63;76;71;PALMAS/TO
1175;03/05/2018;50;40;71;11;6;78;38;AMÉRICA/RJ
1174;28/04/2018;58;69;61;27;12;3;21;RIO BRANCO/AC
1173;26/04/2018;75;8;62;2;5;3;4;AMÉRICA/MG
1172;24/04/2018;15;21;3;79;69;16;7;UNIÃO BARBARENSE/SP
1171;19/04/2018;22;27;12;9;58;43;26;SANTO ANDRÉ/SP
1170;17/04/2018;44;35;48;38;77;51;11;VILLA NOVA/MG
1169;14/04/2018;26;72;67;5;8;36;4;CRUZEIRO/MG
1168;12/04/2018;75;74;67;72;68;54;19;AMÉRICA/MG
1167;10/04/2018;67;37;60;21;9;71;76;RORAIMA/RR
1166;07/04/2018;51;23;35;74;39;50;52;RIO BRANCO/ES
1165;05/04/2018;68;56;22;12;41;27;65;SANTO ANDRE/SP
1164;03/04/2018;25;45;30;62;77;10;74;CRUZEIRO/MG
1163;31/03/2018;72;36;33;43;38;37;6;AMERICANO/RJ
1162;29/03/2018;61;57;20;24;40;19;48;SÃO CAETANO/SP
1161;27/03/2018;1;71;41;50;49;33;55;TREZE/PB
1160;24/03/2018;3;60;66;41;40;72;51;BRAGANTINO/SP
1159;22/03/2018;18;48;67;13;68;37;47;CRB/AL
1158;20/03/2018;50;21;44;58;9;31;22;BARUERI/SP
1157;17/03/2018;46;9;20;18;44;55;35;RIO BRANCO/AC
1156;15/03/2018;15;52;17;76;72;66;68;SPORT/PE
1155;13/03/2018;39;14;25;42;50;61;8;TREZE/PB
1154;10/03/2018;65;56;27;28;73;54;80;RIVER/PI
1153;08/03/2018;80;57;74;48;8;52;21;PALMAS/TO
1152;06/03/2018;16;77;55;33;71;12;52;NÁUTICO/PE
1151;03/03/2018;12;70;10;14;44;29;41;GUARANI/SP
1150;01/03/2018;3;65;21;33;37;19;64;NACIONAL/AM
1149;27/02/2018;24;3;29;47;49;1;15;FLUMINENSE/RJ
1148;24/02/2018;56;68;44;53;10;9;70;XV PIRACICABA/SP
1147;22/02/2018;48;55;8;40;39;26;68;REMO/PA
1146;20/02/2018;63;12;48;6;4;39;26;XV PIRACICABA/SP
1145;17/02/2018;20;24;51;49;47;12;64;SERGIPE/SE
1144;15/02/2018;72;23;19;34;58;48;9;PARANÁ/PR
1143;10/02/2018;66;6;14;56;11;36;68;BOTAFOGO/PB
1142;08/02/2018;70;37;38;69;78;10;30;RORAIMA/RR
1141;06/02/2018;22;27;60;3;74;30;53;INTER LIMEIRA/SP
1140;03/02/2018;23;45;57;68;36;73;19;NACIONAL/AM
1139;01/02/2018;69;54;2;19;72;56;42;PALMAS/TO
1138;30/01/2018;41;21;1;16;39;6;23;MOTO CLUBE/MA
1137;27/01/2018;15;22;52;47;72;24;79;BRAGANTINO/SP
1136;25/01/2018;51;50;4;39;21;16;11;PAULISTA/SP
1135;23/01/2018;45;31;4;61;36;56;28;A B C/RN
1134;20/01/2018;20;48;23;73;74;6;30;VITÓRIA/BA
1133;18/01/2018;28;47;37;29;72;11;3;AMÉRICA/RN
1132;16/01/2018;51;17;75;5;57;52;11;CRB/AL
1131;13/01/2018;49;30;53;7;37;50;20;FORTALEZA/CE
1130;11/01/2018;55;26;6;27;4;36;44;CRICIÚMA/SC
1129;09/01/2018;80;31;73;8;21;29;39;SAMPAIO CORRÊA/MA
1128;06/01/2018;20;27;24;53;80;76;75;BOTAFOGO/RJ
1127;04/01/2018;34;80;5;8;45;29;1;INTER LIMEIRA/SP
1126;30/12/2017;36;63;1;7;75;65;40;CORINTHIANS/SP
1125;28/12/2017;44;61;68;4;21;40;23;MARÍLIA/SP
1124;26/12/2017;9;14;1;41;45;34;72;AMERICANO/RJ
1123;23/12/2017;18;57;75;71;22;12;69;CORINTHIANS/SP
1122;21/12/2017;35;44;3;41;28;32;42;TUNA LUSO/PA
1121;19/12/2017;75;2;56;20;3;66;60;ATLÉTICO/GO
1120;16/12/2017;76;55;4;35;50;73;40;TREZE/PB
1119;14/12/2017;38;52;19;36;10;77;37;XV PIRACICABA/SP
1118;12/12/2017;23;5;55;19;71;57;36;ATLÉTICO/GO
1117;09/12/2017;61;75;7;53;15;73;22;PAYSANDU/PA
1116;07/12/2017;64;66;72;76;38;50;2;UNIÃO SÃO JOÃO/SP
1115;05/12/2017;5;38;46;50;24;9;51;AMÉRICA/RJ
1114;02/12/2017;33;45;31;8;67;73;41;XV PIRACICABA/SP
1113;30/11/2017;10;34;48;72;15;23;71;PALMAS/TO
1112;28/11/2017;26;51;28;5;44;23;69;RORAIMA/RR
1111;25/11/2017;63;31;66;28;71;57;13;AMÉRICA/RJ
1110;23/11/2017;72;78;42;77;24;55;4;SÃO CAETANO/SP
1109;21/11/2017;50;5;32;16;33;40;71;BRASILIENSE/DF
1108;18/11/2017;45;10;11;48;43;76;9;CRB/AL
1107;16/11/2017;76;7;22;4;28;39;31;OPERARIO/MS
1106;14/11/2017;42;38;53;24;29;17;13;CORITIBA/PR
1105;11/11/2017;40;50;35;38;74;57;36;PONTE PRETA/SP
1104;09/11/2017;55;34;58;1;19;56;68;TREZE/PB
1103;07/11/2017;36;47;40;19;60;73;67;RORAIMA/RR
1102;04/11/2017;35;11;29;38;30;71;12;AMERICANO/RJ
1101;31/10/2017;66;41;51;18;5;45;16;RIO BRANCO/AC
1100;28/10/2017;32;66;40;77;4;49;72;AVAÍ/SC
1099;26/10/2017;62;13;36;58;6;29;43;CRB/AL
1098;24/10/2017;19;25;4;1;62;37;45;PALMAS/TO
1097;21/10/2017;36;49;12;64;57;45;30;UNIÃO SÃO JOÃO/SP
1096;19/10/2017;70;24;71;68;12;60;74;PALMEIRAS/SP
1095;17/10/2017;51;5;13;46;67;34;14;SÃO RAIMUNDO/AM
1094;14/10/2017;64;78;40;79;37;41;19;CRICIÚMA/SC
1093;10/10/2017;67;46;1;60;33;44;52;SANTA CRUZ/PE
1092;07/10/2017;40;67;36;37;59;61;54;BRAGANTINO/SP
1091;05/10/2017;10;5;36;26;55;52;15;SAMPAIO CORRÊA/MA
1090;03/10/2017;32;44;10;73;25;54;16;AMERICANO/RJ
1089;30/09/2017;72;44;66;51;55;74;50;VASCO DA GAMA/RJ
1088;28/09/2017;58;5;68;53;63;49;69;CRICIÚMA/SC
1087;26/09/2017;59;44;75;28;66;12;37;AMÉRICA/MG
1086;23/09/2017;35;6;66;19;1;13;15;FIGUEIRENSE/SC
1085;21/09/2017;32;42;25;18;17;63;45;ATLÉTICO/PR
1084;19/09/2017;30;14;67;48;69;10;16;BAHIA/BA
1083;16/09/2017;39;62;75;40;80;3;47;PAYSANDU/PA
1082;14/09/2017;28;35;19;80;54;49;34;VITÓRIA/BA
1081;12/09/2017;23;70;2;43;22;32;46;LONDRINA/PR
1080;09/09/2017;43;68;38;51;3;27;61;CRUZEIRO/MG
1079;05/09/2017;75;34;61;3;73;46;26;INTERNACIONAL/RS
1078;02/09/2017;51;44;12;74;62;50;35;AVAÍ/SC
1077;31/08/2017;69;52;18;57;15;27;61;NACIONAL/AM
1076;29/08/2017;57;67;50;73;78;4;76;UNIÃO SÃO JOÃO/SP
1075;26/08/2017;73;79;41;11;19;29;1;BOTAFOGO/RJ
1074;24/08/2017;32;79;74;80;72;38;8;SANTO ANDRÉ/SP
1073;22/08/2017;11;34;36;20;5;21;4;GRÊMIO/RS
1072;19/08/2017;71;79;38;3;76;46;34;VILA NOVA/GO
1071;17/08/2017;50;66;20;5;76;23;12;GRÊMIO/RS
1070;15/08/2017;33;72;13;38;20;53;41;OPERARIO/MS
1069;12/08/2017;64;2;37;43;19;72;11;SPORT/PE
1068;10/08/2017;18;28;6;5;38;19;69;UNIÃO SÃO JOÃO/SP
1067;08/08/2017;66;18;69;76;34;55;11;JUVENTUS/SP
1066;05/08/2017;54;21;48;41;16;38;18;AMERICANO/RJ
1065;03/08/2017;50;42;78;59;7;3;49;JUVENTUS/SP
1064;01/08/2017;49;6;25;29;8;16;70;VILLA NOVA/MG
1063;29/07/2017;70;34;74;6;42;44;26;MIXTO/MT
1062;27/07/2017;5;51;25;40;72;67;69;CRB/AL
1061;25/07/2017;2;28;23;13;34;10;44;MARÍLIA/SP
1060;22/07/2017;24;28;66;4;40;41;34;YPIRANGA/AP
1059;20/07/2017;62;25;6;16;44;36;14;VITÓRIA/BA
1058;18/07/2017;17;30;2;3;46;5;26;GRÊMIO/RS
1057;15/07/2017;5;16;33;29;53;9;76;PARANÁ/PR
1056;13/07/2017;45;46;51;29;9;30;73;ABC/RN
1055;11/07/2017;31;35;65;47;43;57;49;YPIRANGA/AP
1054;08/07/2017;27;45;14;69;25;22;20;AMERICANO/RJ
1053;06/07/2017;79;72;46;65;59;13;9;AMÉRICA/RJ
1052;04/07/2017;3;56;10;26;38;1;20;XV PIRACICABA/SP
1051;01/07/2017;78;24;77;22;64;4;66;VASCO DA GAMA/RJ
1050;29/06/2017;33;48;60;28;6;8;70;SANTA CRUZ/PE
1049;27/06/2017;77;7;65;67;47;31;11;SANTOS/SP
1048;24/06/2017;22;59;36;40;4;31;12;NÁUTICO/PE
1047;22/06/2017;32;62;57;15;23;76;6;ITUANO/SP
1046;20/06/2017;11;67;4;45;73;80;57;AMÉRICA/RN
1045;17/06/2017;19;50;74;45;78;49;68;GAMA/DF
1044;13/06/2017;71;23;49;58;2;35;63;VILA NOVA/GO
1043;10/06/2017;56;27;53;79;57;49;17;MOTO CLUBE/MA
1042;08/06/2017;17;37;2;70;71;74;79;SÃO PAULO/SP
1041;06/06/2017;6;67;47;79;69;12;8;RIO BRANCO/ES
1040;03/06/2017;75;64;72;7;5;19;40;RIO BRANCO/ES
1039;01/06/2017;49;37;68;31;62;20;21;REMO/PA
1038;30/05/2017;31;41;36;57;35;69;25;ATLÉTICO/MG
1037;27/05/2017;24;45;76;16;8;50;55;PALMEIRAS/SP
1036;25/05/2017;60;50;5;79;4;49;25;RIO BRANCO/AC
1035;23/05/2017;49;80;29;18;37;58;78;TUNA LUSO/PA
1034;20/05/2017;40;46;9;45;74;35;68;CRUZEIRO/MG
1033;18/05/2017;46;27;73;70;28;26;64;TREZE/PB
1032;16/05/2017;49;77;62;14;79;74;17;INTERNACIONAL/RS
1031;13/05/2017;20;3;34;62;12;49;23;UNIÃO BARBARENSE/SP
1030;11/05/2017;38;35;26;46;52;8;69;BOTAFOGO/PB
1029;09/05/2017;2;67;66;20;26;41;24;GAMA/DF
1028;06/05/2017;72;5;42;43;1;17;20;VASCO DA GAMA/RJ
1027;04/05/2017;72;51;15;77;11;62;61;CEARÁ/CE
1026;02/05/2017;51;53;17;74;68;77;78;ITUANO/SP
1025;29/04/2017;29;53;1;55;52;34;18;OPERARIO/MS
1024;27/04/2017;38;4;50;70;64;29;14;JUVENTUDE/RS
1023;25/04/2017;79;66;26;53;42;34;77;JUVENTUDE/RS
1022;22/04/2017;48;43;20;37;68;4;52;IPATINGA/MG
1021;20/04/2017;20;40;65;35;56;14;58;TUNA LUSO/PA
1020;18/04/2017;53;58;75;6;72;27;39;BARUERI/SP
1019;15/04/2017;24;2;18;44;13;28;3;SÃO  CAETANO/SP
1018;13/04/2017;4;24;61;9;29;45;37;ATLÉTICO/GO
1017;11/04/2017;67;8;47;71;73;15;19;LONDRINA/PR
1016;08/04/2017;38;74;5;13;44;63;46;YPIRANGA/AP
1015;06/04/2017;16;41;3;5;60;75;28;AMERICANO/RJ
1014;04/04/2017;37;18;70;50;31;47;71;ATLÉTICO/MG
1013;01/04/2017;32;31;28;17;2;68;63;MOTO CLUBE/MA
1012;30/03/2017;18;62;79;1;78;27;2;SANTO ANDRE/SP
1011;28/03/2017;50;40;57;30;79;25;15;GOIÁS/GO
1010;25/03/2017;52;23;40;71;53;10;26;P.  DESPORTOS/SP
1009;23/03/2017;66;80;38;69;74;68;51;JUVENTUDE/RS
1008;21/03/2017;59;19;65;24;45;7;42;SÃO RAIMUNDO/AM
1007;18/03/2017;49;3;71;75;65;38;35;CORITIBA/PR
1006;16/03/2017;13;79;44;33;72;20;22;JOINVILLE/SC
1005;14/03/2017;38;71;43;74;37;52;32;BOTAFOGO/RJ
1004;11/03/2017;67;51;1;31;22;14;38;RIO BRANCO/ES
1003;09/03/2017;65;39;67;29;73;61;11;BOTAFOGO/PB
1002;07/03/2017;44;34;50;11;39;49;28;INTER LIMEIRA/SP
1001;04/03/2017;19;24;39;71;72;62;74;PALMEIRAS/SP
1000;02/03/2017;43;41;47;11;32;80;22;FLUMINENSE/RJ
999;25/02/2017;80;56;67;50;2;71;74;FLAMENGO/RJ
998;23/02/2017;76;18;26;31;80;55;54;RIVER/PI
997;21/02/2017;56;42;27;29;61;20;70;MARÍLIA/SP
996;18/02/2017;7;38;2;78;41;10;50;RIO BRANCO/ES
995;16/02/2017;27;47;71;80;39;2;29;SANTO ANDRE/SP
994;14/02/2017;65;69;5;66;14;80;20;BRAGANTINO/SP
993;11/02/2017;40;54;74;7;75;52;49;RIO BRANCO/AC
992;09/02/2017;57;47;70;30;22;78;38;PARANÁ/PR
991;07/02/2017;73;7;34;75;71;4;66;UNIÃO BARBARENSE/SP
990;04/02/2017;30;42;40;10;19;63;5;TUNA LUSO/PA
989;02/02/2017;12;46;72;53;8;51;63;SANTOS/SP
988;31/01/2017;34;65;70;59;56;26;1;DESPORTIVA/ES
987;28/01/2017;26;69;16;37;19;40;73;BAHIA/BA
986;26/01/2017;28;49;1;8;5;30;38;AMÉRICA/RJ
985;24/01/2017;1;49;66;11;10;13;36;RIO BRANCO/AC
984;21/01/2017;11;18;62;19;4;3;40;BOTAFOGO/RJ
983;19/01/2017;59;74;5;75;48;71;38;BARUERI/SP
982;17/01/2017;21;42;20;57;60;6;29;JUVENTUS/SP
981;14/01/2017;54;49;39;23;15;16;5;BARUERI/SP
980;12/01/2017;48;24;64;67;70;3;19;PALMAS/TO
979;10/01/2017;10;33;36;78;59;76;61;BAHIA/BA
978;07/01/2017;64;1;53;21;56;28;60;INTERNACIONAL/RS
977;05/01/2017;52;65;71;57;5;75;59;RIVER/PI
976;03/01/2017;76;42;48;39;3;41;71;ATLÉTICO/PR
975;31/12/2016;18;14;22;41;13;53;1;BRASILIENSE/DF
974;29/12/2016;50;13;20;56;75;44;35;FLAMENGO/RJ
973;27/12/2016;9;44;5;11;50;27;28;REMO/PA
972;24/12/2016;75;35;43;4;44;17;36;REMO/PA
971;22/12/2016;44;79;65;72;33;51;68;CRB/AL
970;20/12/2016;38;5;55;27;49;4;41;CRUZEIRO/MG
969;17/12/2016;40;52;32;20;13;70;62;JI-PARANÁ / RO
968;15/12/2016;48;16;46;64;62;67;54;MIXTO/MT
967;13/12/2016;58;45;11;36;77;4;17;SPORT/PE
966;10/12/2016;75;46;9;2;14;68;30;CRB/AL
965;08/12/2016;76;51;49;7;64;61;65;PALMAS/TO
964;06/12/2016;57;75;64;26;28;47;12;PALMAS/TO
963;03/12/2016;21;33;67;12;65;37;80;SERGIPE/SE
962;01/12/2016;63;80;7;79;28;41;49;AMÉRICA/RN
961;29/11/2016;66;31;9;42;10;49;48;JI-PARANÁ / RO
960;26/11/2016;67;35;33;72;15;80;54;BOTAFOGO/RJ
959;24/11/2016;21;30;28;55;8;38;5;BRAGANTINO/SP
958;22/11/2016;71;24;74;48;73;37;63;INTER LIMEIRA/SP
957;19/11/2016;13;42;66;18;62;8;56;ATLÉTICO/PR
956;17/11/2016;29;21;7;3;59;39;6;DESPORTIVA/ES
955;12/11/2016;68;35;17;42;61;41;75;PAYSANDU/PA
954;10/11/2016;56;70;35;60;7;31;46;UNIÃO SÃO JOÃO/SP
953;08/11/2016;74;16;10;48;73;1;65;UBERLÂNDIA/MG
952;05/11/2016;23;62;47;50;63;20;32;TUNA LUSO/PA
951;03/11/2016;12;1;76;53;29;47;62;AMÉRICA/RJ
950;01/11/2016;16;53;4;41;36;27;23;MOTO CLUBE/MA
949;29/10/2016;9;17;15;69;78;43;72;PORTUGUESA DESPORTOS/SP
948;27/10/2016;36;21;19;12;3;76;48;CORITIBA/PR
947;25/10/2016;55;35;64;45;48;19;26;AMÉRICA/RN
946;22/10/2016;69;66;37;5;33;12;64;PAULISTA/SP
945;20/10/2016;47;19;48;68;23;18;69;NACIONAL/AM
944;18/10/2016;21;4;27;47;80;35;14;XV PIRACICABA/SP
943;15/10/2016;4;52;38;69;53;27;72;SÃO CAETANO/SP
942;13/10/2016;23;63;57;51;47;8;6;JI-PARANÁ / RO
941;11/10/2016;28;15;40;12;69;7;75;BARUERI/SP
940;08/10/2016;26;42;77;49;30;51;63;ATLÉTICO/GO
939;06/10/2016;8;3;18;7;56;6;36;BRASILIENSE/DF
938;04/10/2016;60;2;11;78;12;50;28;BANGU/RJ
937;01/10/2016;29;27;16;6;44;28;30;JI-PARANÁ / RO
936;29/09/2016;69;56;30;76;78;20;12;SÃO PAULO/SP
935;27/09/2016;7;11;52;40;39;77;12;SANTO ANDRÉ/SP
934;24/09/2016;54;49;22;34;2;62;63;UBERLÂNDIA/MG
933;22/09/2016;57;6;70;43;13;30;79;BANGU/RJ
932;20/09/2016;56;5;9;35;69;24;51;INTER LIMEIRA/SP
931;17/09/2016;28;56;15;17;43;68;69;OLARIA/RJ
930;15/09/2016;57;14;29;20;41;23;67;FORTALEZA/CE
929;13/09/2016;26;55;15;24;60;19;11;CRUZEIRO/MG
928;10/09/2016;1;49;63;50;72;45;6;AVAÍ/SC
927;08/09/2016;28;69;67;71;80;76;79;FLUMINENSE/RJ
926;06/09/2016;62;72;73;2;44;46;29;FORTALEZA/CE
925;03/09/2016;13;2;34;78;55;77;16;VASCO DA GAMA/RJ
924;01/09/2016;12;38;75;63;19;49;6;CRICIÚMA/SC
923;30/08/2016;25;50;70;72;31;45;10;AMÉRICA/RJ
922;27/08/2016;3;2;27;68;74;18;51;BARUERI/SP
921;25/08/2016;68;71;30;69;54;7;66;BANGU/RJ
920;23/08/2016;51;19;34;5;37;47;15;BOTAFOGO/PB
919;20/08/2016;63;30;5;80;56;12;57;UNIÃO SÃO JOÃO/SP
918;18/08/2016;39;52;67;22;58;75;49;GRÊMIO/RS
917;16/08/2016;46;20;55;70;37;28;75;NACIONAL/AM
916;13/08/2016;69;66;3;75;21;78;73;TREZE/PB
915;11/08/2016;68;22;67;25;73;30;14;IPATINGA/MG
914;09/08/2016;65;50;6;7;55;41;51;ATLÉTICO/MG
913;06/08/2016;56;24;15;70;22;59;62;FORTALEZA/CE
912;04/08/2016;74;39;60;11;77;29;4;INTER LIMEIRA/SP
911;02/08/2016;73;6;12;58;19;69;64;ATLÉTICO/GO
910;30/07/2016;42;66;28;57;52;50;15;ATLÉTICO/MG
909;28/07/2016;80;44;1;28;5;25;54;JUVENTUS/SP
908;26/07/2016;45;13;56;77;72;73;35;CRB/AL
907;23/07/2016;25;79;34;42;22;17;65;SÃO PAULO/SP
906;21/07/2016;19;32;30;64;44;67;61;AMÉRICA/MG
905;19/07/2016;61;50;2;63;21;34;79;INTERNACIONAL/RS
904;16/07/2016;9;71;56;21;22;45;61;PONTE PRETA/SP
903;14/07/2016;6;25;45;28;36;66;26;CSA/AL
902;12/07/2016;46;58;17;21;30;9;25;SÃO CAETANO/SP
901;09/07/2016;15;77;72;38;7;80;33;REMO/PA
900;07/07/2016;14;52;2;65;23;33;55;YPIRANGA/AP
899;05/07/2016;28;67;2;3;63;55;15;GUARANI/SP
898;02/07/2016;13;33;22;49;79;21;31;CRUZEIRO/MG
897;30/06/2016;29;55;67;37;21;59;34;RIO BRANCO/ES
896;28/06/2016;79;57;35;62;33;10;69;YPIRANGA/AP
895;25/06/2016;5;51;44;79;62;23;64;XV PIRACICABA/SP
894;23/06/2016;3;79;23;20;10;73;24;BOTAFOGO/RJ
893;21/06/2016;2;51;42;75;43;77;45;IPATINGA/MG
892;18/06/2016;38;22;60;9;14;4;7;FORTALEZA/CE
891;16/06/2016;70;68;33;76;32;73;12;UNIÃO BARBARENSE/SP
890;14/06/2016;77;47;26;30;71;60;46;AMÉRICA/RN
889;11/06/2016;16;14;51;77;78;15;40;LONDRINA/PR
888;09/06/2016;14;43;45;52;67;47;17;AMÉRICA/RJ
887;07/06/2016;14;16;30;3;39;1;11;SERGIPE/SE
886;04/06/2016;59;42;20;70;2;65;56;AVAÍ/SC
885;02/06/2016;68;73;75;58;64;46;40;VILLA NOVA/MG
884;31/05/2016;71;35;74;28;32;72;73;UNIÃO SÃO JOÃO/SP
883;28/05/2016;60;32;52;51;69;26;68;RIO BRANCO/ES
882;24/05/2016;80;8;17;58;26;72;42;UNIÃO BARBARENSE/SP
881;21/05/2016;15;61;31;72;20;36;65;FLAMENGO/RJ
880;19/05/2016;58;50;68;80;6;51;31;JOINVILLE/SC
879;17/05/2016;51;13;29;41;47;25;45;CSA/AL
878;14/05/2016;19;59;52;44;16;80;69;ABC/RN
877;12/05/2016;54;44;79;72;59;12;69;MIXTO/MT
876;10/05/2016;72;37;69;3;59;56;36;GOIÁS/GO
875;07/05/2016;34;10;11;66;21;78;38;VASCO DA GAMA/RJ
874;05/05/2016;41;60;43;59;32;16;24;PAULISTA/SP
873;03/05/2016;8;58;3;21;44;14;2;TUNA LUSO/PA
872;30/04/2016;1;38;41;53;28;77;36;REMO/PA
871;28/04/2016;8;75;28;36;31;80;13;CRB/AL
870;26/04/2016;8;3;34;55;41;67;21;PONTE PRETA/SP
869;23/04/2016;14;74;5;30;47;28;7;CORINTHIANS/SP
868;19/04/2016;34;1;26;65;2;74;5;TREZE/PB
867;16/04/2016;17;75;59;3;5;32;46;FLUMINENSE/RJ
866;14/04/2016;12;14;23;61;20;11;48;REMO/PA
865;12/04/2016;24;14;13;63;65;54;29;BOTAFOGO/PB
864;09/04/2016;40;35;61;2;5;55;30;GOIÁS/GO
863;07/04/2016;79;28;34;54;66;25;61;TREZE/PB
862;05/04/2016;58;43;17;10;3;38;25;NACIONAL/AM
861;02/04/2016;38;33;25;77;73;40;17;RIVER/PI
860;31/03/2016;52;5;61;59;1;27;23;FLUMINENSE/RJ
859;29/03/2016;70;25;77;79;13;53;27;RIO BRANCO/ES
858;26/03/2016;64;36;32;15;44;73;79;VITÓRIA/BA
857;24/03/2016;27;12;57;21;50;9;58;JUVENTUS/SP
856;22/03/2016;24;67;55;30;68;10;29;IPATINGA/MG
855;19/03/2016;78;73;56;1;43;7;33;BOTAFOGO/PB
854;17/03/2016;69;66;24;61;2;63;75;MOTO CLUBE/MA
853;15/03/2016;51;45;8;18;14;79;34;VITÓRIA/BA
852;12/03/2016;51;5;77;29;43;25;12;RIO BRANCO/AC
851;10/03/2016;60;8;46;9;12;68;63;BRASILIENSE/DF
850;08/03/2016;68;60;38;65;25;63;44;VILA NOVA/GO
849;05/03/2016;29;27;33;34;49;65;1;BRASILIENSE/DF
848;03/03/2016;15;54;71;34;27;28;69;UBERLÂNDIA/MG
847;01/03/2016;70;27;33;79;46;78;77;JI-PARANÁ / RO
846;27/02/2016;53;21;11;13;32;74;12;JOINVILLE/SC
845;25/02/2016;78;14;69;49;26;22;42;LONDRINA/PR
844;23/02/2016;60;41;66;77;52;21;18;FLUMINENSE/RJ
843;20/02/2016;3;36;6;80;52;4;39;BOTAFOGO/RJ
842;18/02/2016;74;71;3;13;35;11;50;INTERNACIONAL/RS
841;16/02/2016;43;12;57;72;19;49;60;MIXTO/MT
840;13/02/2016;70;38;58;23;50;1;77;SAMPAIO CORRÊA/MA
839;11/02/2016;36;21;65;67;23;22;31;SÃO RAIMUNDO/AM
838;06/02/2016;35;32;34;15;46;37;64;RIVER/PI
837;04/02/2016;35;66;34;4;46;73;52;CORITIBA/PR
836;02/02/2016;4;28;57;13;54;50;64;SÃO RAIMUNDO/AM
835;30/01/2016;25;14;67;74;23;41;10;CORITIBA/PR
834;28/01/2016;23;79;7;18;29;10;68;LONDRINA/PR
833;26/01/2016;54;55;28;18;61;72;14;P.  DESPORTOS/SP
832;23/01/2016;37;29;30;39;49;77;19;UNIÃO SÃO JOÃO/SP
831;21/01/2016;25;39;3;38;11;50;71;SÃO PAULO/SP
830;19/01/2016;1;76;25;43;19;63;29;NÁUTICO/PE
829;16/01/2016;41;1;19;72;47;65;56;PALMAS/TO
828;14/01/2016;78;24;53;70;37;28;25;FIGUEIRENSE/SC
827;12/01/2016;61;57;55;21;14;37;2;VILLA NOVA/MG
826;09/01/2016;12;54;52;10;37;11;6;JUVENTUS/SP
825;07/01/2016;6;20;67;10;33;36;63;RIO BRANCO/AC
824;05/01/2016;22;23;31;28;29;53;25;SANTO ANDRE/SP
823;31/12/2015;64;58;6;79;20;31;47;ATLÉTICO/PR
822;29/12/2015;13;63;31;12;80;11;32;JI-PARANÁ / RO
821;26/12/2015;68;46;72;67;17;70;4;VITÓRIA/BA
820;24/12/2015;57;62;67;73;78;19;32;UNIÃO SÃO JOÃO/SP
819;22/12/2015;20;72;80;60;48;34;65;JI-PARANÁ / RO
818;19/12/2015;26;61;40;15;23;2;67;SPORT/PE
817;17/12/2015;62;56;69;63;67;25;2;SAMPAIO CORRÊA/MA
816;15/12/2015;58;79;49;68;37;44;38;VITÓRIA/BA
815;12/12/2015;35;1;3;13;8;57;26;FLAMENGO/RJ
814;10/12/2015;51;49;76;28;8;75;58;RIO BRANCO/AC
813;08/12/2015;24;79;54;52;36;74;2;FLUMINENSE/RJ
812;05/12/2015;44;50;18;43;65;58;47;IPATINGA/MG
811;03/12/2015;18;23;62;3;27;59;80;SANTOS/SP
810;01/12/2015;8;71;47;80;66;74;28;OLARIA/RJ
809;28/11/2015;61;17;69;37;8;20;7;SÃO CAETANO/SP
808;26/11/2015;9;45;68;37;73;12;65;CORITIBA/PR
807;24/11/2015;19;21;12;20;67;60;30;MARÍLIA/SP
806;21/11/2015;79;67;56;17;20;59;74;JOINVILLE/SC
805;19/11/2015;62;51;39;31;21;57;13;VITÓRIA/BA
804;17/11/2015;11;14;22;1;38;6;49;ATLÉTICO/PR
803;14/11/2015;3;62;13;25;18;77;52;GAMA/DF
802;13/11/2015;14;47;20;34;32;7;28;RORAIMA/RR
801;10/11/2015;39;58;62;61;76;7;77;RIO BRANCO/ES
800;07/11/2015;24;18;51;45;27;6;64;MOTO CLUBE/MA
799;05/11/2015;63;76;60;77;1;65;24;XV PIRACICABA/SP
798;03/11/2015;3;17;79;78;72;69;9;MOTO CLUBE/MA
797;31/10/2015;63;58;69;34;61;71;6;BOTAFOGO/RJ
796;29/10/2015;53;23;64;75;61;25;6;VILA NOVA/GO
795;27/10/2015;56;16;52;13;17;22;31;CRB/AL
794;24/10/2015;25;31;71;7;65;76;42;SAMPAIO CORRÊA/MA
793;22/10/2015;80;36;27;62;25;12;69;OLARIA/RJ
792;20/10/2015;67;9;37;33;2;14;78;ATLÉTICO/GO
791;17/10/2015;58;44;3;36;64;59;10;CORINTHIANS/SP
790;15/10/2015;4;27;31;50;8;12;2;TUNA LUSO/PA
789;13/10/2015;53;76;37;21;12;13;45;TREZE/PB
788;10/10/2015;51;40;7;31;1;14;50;PALMEIRAS/SP
787;08/10/2015;38;80;53;26;29;14;24;CRICIÚMA/SC
786;06/10/2015;58;74;19;31;79;20;23;CRUZEIRO/MG
785;03/10/2015;51;52;5;6;18;27;79;AVAÍ/SC
784;01/10/2015;8;10;41;22;61;3;36;INTERNACIONAL/RS
783;29/09/2015;56;63;34;32;60;37;46;UNIÃO SÃO JOÃO/SP
782;26/09/2015;10;22;13;35;60;56;39;NÁUTICO/PE
781;24/09/2015;39;76;42;1;27;75;49;ATLÉTICO/GO
780;22/09/2015;40;67;9;54;73;44;25;CEARÁ/CE
779;19/09/2015;6;25;42;78;22;33;68;AMÉRICA/MG
778;17/09/2015;8;23;58;69;3;41;68;FLAMENGO/RJ
777;15/09/2015;67;36;3;55;14;44;46;FIGUEIRENSE/SC
776;12/09/2015;44;74;18;78;27;21;68;ATLÉTICO/MG
775;10/09/2015;6;48;33;31;78;21;64;UNIÃO BARBARENSE/SP
774;08/09/2015;42;62;61;45;18;15;39;MARÍLIA/SP
773;05/09/2015;70;15;49;68;78;74;37;ABC/RN
772;03/09/2015;72;42;63;77;46;78;8;VILA NOVA/GO
771;01/09/2015;51;58;77;48;39;65;37;SANTO ANDRÉ/SP
770;29/08/2015;17;24;33;67;6;73;72;JUVENTUS/SP
769;27/08/2015;63;20;59;29;56;4;74;IPATINGA/MG
768;25/08/2015;70;80;61;1;5;27;13;TUNA LUSO/PA
767;22/08/2015;61;39;80;59;47;21;27;VILA NOVA/GO
766;20/08/2015;46;44;16;49;55;27;67;UBERLÂNDIA/MG
765;18/08/2015;59;51;44;31;74;57;66;ATLÉTICO/MG
764;15/08/2015;37;28;13;75;6;16;62;SÃO PAULO/SP
763;13/08/2015;8;11;35;39;78;60;5;SÃO RAIMUNDO/AM
762;11/08/2015;36;61;5;42;17;69;77;PALMEIRAS/SP
761;08/08/2015;21;8;10;57;61;30;50;YPIRANGA/AP
760;06/08/2015;7;75;40;66;6;12;33;ATLÉTICO/MG
759;04/08/2015;64;27;6;3;31;74;50;UNIÃO SÃO JOÃO/SP
758;01/08/2015;24;31;46;19;72;16;60;AMÉRICA/RN
757;30/07/2015;56;43;76;59;14;54;71;ATLÉTICO/GO
756;28/07/2015;6;66;61;18;47;45;64;SERGIPE/SE
755;25/07/2015;71;21;69;52;1;66;64;NÁUTICO/PE
754;23/07/2015;37;30;41;19;75;5;8;BAHIA/BA
753;21/07/2015;48;64;75;2;40;46;53;DESPORTIVA/ES
752;18/07/2015;12;42;26;58;66;68;6;INTERNACIONAL/RS
751;16/07/2015;7;70;23;67;10;44;12;OLARIA/RJ
750;14/07/2015;67;33;31;8;26;79;50;RIVER/PI
749;11/07/2015;60;73;9;2;40;58;37;AVAÍ/SC
748;09/07/2015;75;12;3;52;6;66;74;SANTA CRUZ/PE
747;07/07/2015;15;38;44;60;65;48;45;OPERARIO/MS
746;04/07/2015;76;58;40;19;34;30;48;INTERNACIONAL/RS
745;02/07/2015;51;64;3;53;23;70;43;AMÉRICA/RN
744;30/06/2015;36;30;61;4;56;48;17;JUVENTUDE/RS
743;27/06/2015;11;35;61;2;33;9;69;AVAÍ/SC
742;25/06/2015;63;74;11;61;37;15;32;PAULISTA/SP
741;23/06/2015;30;54;73;63;49;36;44;BOTAFOGO/PB
740;20/06/2015;61;73;34;80;44;5;37;BRASILIENSE/DF
739;18/06/2015;40;19;9;50;45;15;17;OPERARIO/MS
738;16/06/2015;56;57;61;67;76;48;8;AMÉRICA/RN
737;13/06/2015;10;28;7;62;3;60;78;FLAMENGO/RJ
736;11/06/2015;58;41;36;27;54;72;73;TREZE/PB
735;09/06/2015;4;74;24;64;73;37;69;TUNA LUSO/PA
734;06/06/2015;12;73;4;70;51;64;16;ATLÉTICO/MG
733;02/06/2015;13;59;43;56;36;11;77;PARANÁ/PR
732;30/05/2015;65;7;54;71;78;64;59;YPIRANGA/AP
731;28/05/2015;74;63;7;69;39;21;40;CRB/AL
730;26/05/2015;69;42;74;16;54;19;10;UNIÃO BARBARENSE/SP
729;23/05/2015;20;2;78;29;62;43;45;GOIÁS/GO
728;21/05/2015;53;61;50;47;39;60;20;VILLA NOVA/MG
727;19/05/2015;51;12;60;80;70;2;34;JOINVILLE/SC
726;16/05/2015;77;3;68;10;66;9;70;SANTA CRUZ/PE
725;14/05/2015;23;30;62;35;74;16;31;NÁUTICO/PE
724;12/05/2015;55;50;53;39;31;73;22;SPORT/PE
723;09/05/2015;79;6;10;20;31;57;32;GUARANI/SP
722;07/05/2015;33;16;10;72;9;71;34;JI-PARANÁ / RO
721;05/05/2015;53;36;22;8;6;32;68;BANGU/RJ
720;02/05/2015;67;57;73;63;21;22;44;VITÓRIA/BA
719;30/04/2015;18;46;3;47;30;70;41;VILLA NOVA/MG
718;28/04/2015;10;59;71;17;14;67;35;SERGIPE/SE
717;25/04/2015;50;74;20;13;46;16;56;JUVENTUDE/RS
716;23/04/2015;66;10;62;20;25;44;16;PARANÁ/PR
715;18/04/2015;26;41;53;39;47;45;64;VITÓRIA/BA
714;16/04/2015;57;71;34;11;72;31;64;PARANÁ/PR
713;14/04/2015;80;24;27;20;52;60;39;GAMA/DF
712;11/04/2015;56;41;55;50;79;2;62;BOTAFOGO/RJ
711;09/04/2015;3;33;34;39;65;27;45;FLUMINENSE/RJ
710;07/04/2015;65;45;7;11;80;69;12;UBERLÂNDIA/MG
709;04/04/2015;48;72;19;38;26;65;28;SÃO RAIMUNDO/AM
708;02/04/2015;31;9;10;27;77;79;4;SAMPAIO CORRÊA/MA
707;31/03/2015;24;64;58;60;80;75;47;JUVENTUS/SP
706;28/03/2015;48;30;41;44;57;38;73;OLARIA/RJ
705;26/03/2015;32;37;42;34;29;47;46;GUARANI/SP
704;24/03/2015;37;65;7;72;31;3;70;AMERICANO/RJ
703;21/03/2015;54;27;10;34;59;40;39;FLUMINENSE/RJ
702;19/03/2015;52;44;40;25;62;46;60;CRUZEIRO/MG
701;17/03/2015;44;75;36;56;1;6;61;PALMAS/TO
700;14/03/2015;23;25;20;73;60;52;77;RIO BRANCO/AC
699;12/03/2015;54;32;42;78;33;23;47;AMÉRICA/RJ
698;10/03/2015;18;45;6;34;16;27;47;SANTA CRUZ/PE
697;07/03/2015;23;54;30;22;65;57;75;PALMAS/TO
696;05/03/2015;30;21;78;47;38;41;10;AMERICANO/RJ
695;03/03/2015;20;69;36;15;53;3;26;MARÍLIA/SP
694;28/02/2015;61;15;64;62;70;4;57;NACIONAL/AM
693;26/02/2015;40;34;51;17;24;7;59;PONTE PRETA/SP
692;24/02/2015;27;35;13;19;55;66;64;VILLA NOVA/MG
691;21/02/2015;48;73;79;68;64;38;17;SÃO CAETANO/SP
690;19/02/2015;78;4;52;8;66;35;3;SANTO ANDRÉ/SP
689;14/02/2015;43;26;2;76;79;68;30;BRAGANTINO/SP
688;12/02/2015;26;74;37;33;38;64;46;PORTUGUESA DESPORTOS/SP
687;10/02/2015;7;8;50;55;58;56;6;INTERNACIONAL/RS
686;07/02/2015;20;58;29;4;35;11;24;RIO BRANCO/ES
685;05/02/2015;15;4;3;67;72;23;33;CRB/AL
684;03/02/2015;24;77;66;74;43;34;5;VITÓRIA/BA
683;31/01/2015;68;77;1;32;12;41;64;CRB/AL
682;29/01/2015;75;19;5;33;46;42;69;GRÊMIO/RS
681;27/01/2015;7;42;11;28;79;21;57;PALMEIRAS/SP
680;24/01/2015;5;79;68;67;4;2;44;RIO BRANCO/AC
679;22/01/2015;7;77;66;44;45;2;18;FLAMENGO/RJ
678;20/01/2015;56;59;40;61;33;50;58;IPATINGA/MG
677;17/01/2015;21;42;1;4;41;16;64;IPATINGA/MG
676;15/01/2015;26;8;30;79;18;62;43;PONTE PRETA/SP
675;13/01/2015;48;25;76;63;61;56;22;ATLÉTICO/GO
674;10/01/2015;22;39;71;3;33;25;30;SÃO PAULO/SP
673;08/01/2015;38;57;27;75;48;36;11;ATLÉTICO/GO
672;06/01/2015;37;71;10;61;42;52;26;MIXTO/MT
671;03/01/2015;43;5;11;55;50;60;61;VILLA NOVA/MG
670;30/12/2014;16;64;57;32;69;9;15;AMÉRICA/MG
669;27/12/2014;34;60;27;32;41;28;11;CSA/AL
668;23/12/2014;66;60;8;51;15;25;69;ATLÉTICO/MG
667;20/12/2014;1;12;18;77;14;16;23;CEARÁ/CE
666;18/12/2014;42;68;74;37;57;32;80;CRICIÚMA/SC
665;16/12/2014;36;26;27;4;42;74;70;MIXTO/MT
664;13/12/2014;57;17;25;14;35;33;13;IPATINGA/MG
663;11/12/2014;5;44;60;27;7;58;77;TUNA LUSO/PA
662;09/12/2014;67;47;12;70;29;7;58;AVAÍ/SC
661;06/12/2014;36;46;21;23;59;38;29;ABC/RN
660;04/12/2014;59;43;8;35;72;47;13;VILA NOVA/GO
659;02/12/2014;39;21;6;34;54;63;45;PALMEIRAS/SP
658;29/11/2014;58;40;19;25;65;20;64;AMÉRICA/RJ
657;27/11/2014;13;25;11;14;2;64;40;CORITIBA/PR
656;25/11/2014;74;2;5;69;45;21;61;VASCO DA GAMA/RJ
655;22/11/2014;78;53;48;23;40;62;65;SÃO PAULO/SP
654;20/11/2014;48;14;12;60;13;69;41;FLAMENGO/RJ
653;18/11/2014;28;5;26;21;58;34;55;ATLÉTICO/PR
652;13/11/2014;65;9;30;24;49;2;25;GRÊMIO/RS
651;11/11/2014;4;75;49;57;62;58;41;MARÍLIA/SP
650;08/11/2014;14;40;62;20;75;80;23;VILA NOVA/MG
649;06/11/2014;39;29;57;47;35;77;2;GOIÁS/GO
648;04/11/2014;58;71;6;69;46;77;56;SPORT/PE
647;01/11/2014;57;48;67;34;55;30;69;CSA/AL
646;30/10/2014;63;78;5;55;25;50;39;CRICIÚMA/SC
645;28/10/2014;21;2;32;24;14;8;40;PALMEIRAS/SP
644;25/10/2014;61;7;42;26;72;35;14;SANTOS/SP
643;23/10/2014;20;2;43;38;70;64;66;IPATINGA/MG
642;21/10/2014;8;30;64;61;41;7;23;BOTAFOGO/RJ
641;18/10/2014;8;33;15;80;21;38;51;UNIÃO BARBARENSE/SP
640;16/10/2014;26;66;37;3;31;11;52;VITÓRIA/BA
639;14/10/2014;69;19;15;74;44;37;20;JI-PARANÁ / RO
638;11/10/2014;3;4;69;29;23;14;17;VILLA NOVA/MG
637;09/10/2014;72;13;76;26;43;21;19;OPERARIO/MS
636;07/10/2014;21;73;75;55;16;12;48;SANTOS/SP
635;04/10/2014;72;71;36;7;55;68;13;AMÉRICA/RN
634;02/10/2014;22;26;71;14;38;30;69;SANTA CRUZ/PE
633;30/09/2014;37;77;1;17;30;69;43;IPATINGA/MG
632;27/09/2014;39;40;38;35;17;18;14;BANGU/RJ
631;25/09/2014;65;35;14;21;34;60;19;XV PIRACICABA/SP
630;23/09/2014;49;35;26;62;12;50;15;JUVENTUS/SP
629;20/09/2014;31;52;55;70;57;40;67;BOTAFOGO/RJ
628;18/09/2014;9;67;43;58;39;16;69;AVAÍ/SC
627;16/09/2014;43;32;4;66;75;50;74;BRAGANTINO/SP
626;13/09/2014;56;7;50;29;14;12;44;PALMAS/TO
625;11/09/2014;67;3;43;56;73;50;32;MIXTO/MT
624;09/09/2014;45;27;60;3;73;76;35;GRÊMIO/RS
623;06/09/2014;76;74;77;68;78;42;62;TUNA LUSO/PA
622;04/09/2014;27;50;6;55;66;51;52;CORINTHIANS/SP
621;02/09/2014;48;44;72;57;63;29;15;RORAIMA/RR
620;30/08/2014;7;47;30;71;72;35;77;PALMAS/TO
619;28/08/2014;42;30;6;70;15;34;66;DESPORTIVA/ES
618;26/08/2014;71;23;54;31;11;33;25;GOIÁS/GO
617;23/08/2014;63;12;19;23;47;18;20;FIGUEIRENSE/SC
616;21/08/2014;62;10;15;51;52;53;25;PALMAS/TO
615;19/08/2014;67;50;78;77;43;35;20;JI-PARANÁ / RO
614;16/08/2014;40;2;51;67;34;53;56;RIO BRANCO/AC
613;14/08/2014;1;68;51;18;54;29;5;BANGU/RJ
612;12/08/2014;10;60;71;28;29;70;7;PARANÁ/PR
611;09/08/2014;44;60;77;38;39;29;13;YPIRANGA/AP
610;07/08/2014;53;67;64;18;71;37;34;SERGIPE/SE
609;05/08/2014;12;4;31;73;2;60;5;PARANÁ/PR
608;02/08/2014;72;75;74;40;71;25;53;CRB/AL
607;31/07/2014;24;40;20;6;57;14;33;PARANÁ/PR
606;29/07/2014;66;70;16;69;47;39;43;SERGIPE/SE
605;26/07/2014;33;71;78;42;72;62;49;ATLÉTICO/PR
604;24/07/2014;29;35;2;58;68;52;74;XV PIRACICABA/SP
603;22/07/2014;3;37;59;78;57;46;63;SÃO CAETANO/SP
602;19/07/2014;4;16;69;74;60;14;25;FLUMINENSE/RJ
601;17/07/2014;18;62;55;77;15;67;56;CRB/AL
600;15/07/2014;57;13;42;44;27;19;29;YPIRANGA/AP
599;12/07/2014;50;2;47;39;13;25;68;BOTAFOGO/RJ
598;10/07/2014;46;12;29;71;1;20;2;MOTO CLUBE/MA
597;08/07/2014;39;13;32;40;46;54;65;INTER LIMEIRA/SP
596;05/07/2014;14;19;55;20;76;79;28;SANTO ANDRÉ/SP
595;03/07/2014;1;54;41;3;10;51;52;SAMPAIO CORRÊA/MA
594;01/07/2014;74;46;23;1;10;45;68;PAYSANDU/PA
593;28/06/2014;52;1;58;34;69;25;64;NACIONAL/AM
592;26/06/2014;42;76;55;30;67;7;34;OLARIA/RJ
591;24/06/2014;48;11;19;21;23;66;38;INTER LIMEIRA/SP
590;21/06/2014;16;76;20;22;21;78;77;JUVENTUDE/RS
589;17/06/2014;35;3;75;50;69;32;43;CEARÁ/CE
588;14/06/2014;52;36;34;39;63;73;80;MOTO CLUBE/MA
587;12/06/2014;30;80;50;61;19;21;26;DESPORTIVA/ES
586;10/06/2014;78;11;51;54;52;80;33;MIXTO/MT
585;07/06/2014;70;28;36;57;54;50;56;SÃO PAULO/SP
584;05/06/2014;75;54;23;4;71;5;31;PALMEIRAS/SP
583;03/06/2014;35;18;11;29;49;48;32;RIO BRANCO/AC
582;31/05/2014;21;50;57;77;70;58;28;SANTO ANDRÉ/SP
581;29/05/2014;64;24;57;58;5;25;56;PAYSANDU/PA
580;27/05/2014;66;60;39;4;42;8;2;REMO/PA
579;24/05/2014;42;30;3;69;54;7;26;GAMA/DF
578;22/05/2014;36;5;23;6;12;33;63;BAHIA/BA
577;20/05/2014;21;61;54;10;62;80;72;RORAIMA/RR
576;17/05/2014;71;69;68;13;14;20;43;CORINTHIANS/SP
575;15/05/2014;14;47;21;40;43;22;6;BARUERI/SP
574;13/05/2014;59;65;43;12;33;52;61;ITUANO/SP
573;10/05/2014;25;12;2;42;76;37;49;BOTAFOGO/RJ
572;08/05/2014;33;17;74;23;28;5;22;ITUANO/SP
571;06/05/2014;7;54;43;18;53;10;37;JOINVILLE/SC
570;03/05/2014;8;21;80;69;61;63;36;NACIONAL/AM
569;29/04/2014;52;1;47;66;74;13;64;AMÉRICA/RJ
568;26/04/2014;22;25;75;68;6;66;45;YPIRANGA/AP
567;24/04/2014;40;1;25;57;39;5;77;JOINVILLE/SC
566;22/04/2014;40;29;8;49;23;20;7;UNIÃO BARBARENSE/SP
565;19/04/2014;31;15;46;26;18;73;24;INTER LIMEIRA/SP
564;17/04/2014;2;62;40;19;18;10;69;TUNA LUSO/PA
563;15/04/2014;36;8;50;69;70;14;12;IPATINGA/MG
562;12/04/2014;7;49;29;31;76;74;23;VILLA NOVA/MG
561;10/04/2014;31;58;10;53;27;57;28;TUNA LUSO/PA
560;08/04/2014;75;39;23;56;15;76;45;CEARÁ/CE
559;05/04/2014;19;10;51;9;60;32;13;FLUMINENSE/RJ
558;03/04/2014;45;65;67;31;72;68;27;PALMEIRAS/SP
557;01/04/2014;37;40;8;72;65;22;60;SÃO RAIMUNDO/AM
556;29/03/2014;65;10;30;25;21;57;55;MARÍLIA/SP
555;27/03/2014;35;77;72;39;68;14;43;PAULISTA/SP
554;25/03/2014;53;79;67;66;49;74;28;ATLÉTICO/MG
553;22/03/2014;79;23;29;33;65;31;74;INTER LIMEIRA/SP
552;20/03/2014;49;17;66;62;4;22;44;GAMA/DF
551;18/03/2014;19;73;45;63;2;27;40;OLARIA/RJ
550;15/03/2014;42;80;46;26;59;63;45;VITÓRIA/BA
549;13/03/2014;35;22;42;75;21;1;66;NACIONAL/AM
548;11/03/2014;56;59;69;18;75;4;29;SÃO CAETANO/SP
547;08/03/2014;45;62;21;71;33;75;20;MIXTO/MT
546;06/03/2014;72;31;17;49;15;44;39;UBERLÂNDIA/MG
545;01/03/2014;31;39;49;70;28;66;17;SANTOS/SP
544;27/02/2014;23;48;33;46;7;26;75;YPIRANGA/AP
543;25/02/2014;5;34;8;39;20;47;37;LONDRINA/PR
542;22/02/2014;46;4;19;63;2;57;36;AMERICANO/RJ
541;20/02/2014;73;77;76;10;67;60;45;PALMAS/TO
540;18/02/2014;10;67;6;62;54;72;66;RORAIMA/RR
539;15/02/2014;5;64;33;14;49;73;41;XV PIRACICABA/SP
538;13/02/2014;42;32;56;35;7;75;57;FIGUEIRENSE/SC
537;11/02/2014;66;28;79;53;44;17;35;SPORT/PE
536;08/02/2014;28;33;61;77;2;65;47;SANTO ANDRÉ/SP
535;06/02/2014;75;59;47;7;15;20;34;AVAÍ/SC
534;04/02/2014;61;32;4;27;1;70;22;CRICIÚMA/SC
533;01/02/2014;36;10;56;4;35;54;55;ITUANO/SP
532;30/01/2014;70;42;19;32;30;63;18;PAULISTA/SP
531;28/01/2014;61;54;66;50;72;23;74;GAMA/DF
530;25/01/2014;58;45;33;21;70;10;49;OLARIA/RJ
529;23/01/2014;22;53;78;36;50;60;40;IPATINGA/MG
528;21/01/2014;42;50;67;44;77;26;31;FLAMENGO/RJ
527;18/01/2014;12;80;35;13;46;20;70;PORTUGUESA DESPORTOS/SP
526;16/01/2014;80;18;11;47;63;1;17;FIGUEIRENSE/SC
525;14/01/2014;66;42;37;61;8;45;13;PONTE PRETA/SP
524;11/01/2014;38;58;26;12;80;15;77;SÃO RAIMUNDO/AM
523;09/01/2014;78;36;56;67;24;72;4;JUVENTUDE/RS
522;07/01/2014;50;65;23;39;61;72;59;XV PIRACICABA/SP
521;04/01/2014;48;20;17;10;6;42;53;AVAÍ/SC
520;02/01/2014;80;27;67;31;59;25;32;PALMAS/TO
519;31/12/2013;48;77;52;57;73;76;61;MOTO CLUBE/MA
518;28/12/2013;1;56;75;47;44;13;59;ATLÉTICO/GO
517;26/12/2013;8;32;42;57;22;36;15;CRICIÚMA/SC
516;24/12/2013;58;80;30;21;59;1;71;XV PIRACICABA/SP
515;21/12/2013;78;9;70;21;26;17;79;ABC/RN
514;19/12/2013;29;73;41;44;26;71;68;GOIÁS/GO
513;17/12/2013;41;35;26;43;69;5;8;BAHIA/BA
512;14/12/2013;59;4;63;11;7;19;39;INTER LIMEIRA/SP
511;12/12/2013;43;79;63;13;66;3;31;FORTALEZA/CE
510;10/12/2013;7;69;52;44;80;10;79;XV PIRACICABA/SP
509;07/12/2013;45;23;28;72;6;29;53;CORINTHIANS/SP
508;05/12/2013;35;80;28;33;47;25;51;PAULISTA/SP
507;03/12/2013;61;8;65;21;28;32;58;UNIÃO BARBARENSE/SP
506;30/11/2013;14;21;42;50;39;41;48;LONDRINA/PR
505;28/11/2013;40;55;7;8;75;39;76;PAYSANDU/PA
504;26/11/2013;33;74;41;79;44;34;65;NACIONAL/AM
503;23/11/2013;1;2;33;38;47;23;51;GRÊMIO/RS
502;21/11/2013;33;14;38;70;66;79;57;AMERICANO/RJ
501;19/11/2013;49;33;28;61;12;30;16;SANTOS/SP
500;16/11/2013;57;9;65;11;44;78;75;ATLÉTICO/GO
499;14/11/2013;66;42;67;11;13;50;28;UBERLÂNDIA/MG
498;12/11/2013;17;56;53;80;37;35;48;MIXTO/MT
497;09/11/2013;20;49;79;31;42;6;34;AMÉRICA/RN
496;07/11/2013;20;44;75;70;34;69;43;JUVENTUS/SP
495;05/11/2013;19;50;61;6;62;3;46;FORTALEZA/CE
494;31/10/2013;56;6;22;74;40;33;49;VITÓRIA/BA
493;29/10/2013;1;51;77;42;16;46;60;CORINTHIANS/SP
492;26/10/2013;2;57;20;30;21;76;65;PAULISTA/SP
491;24/10/2013;80;13;48;55;4;60;62;YPIRANGA/AP
490;22/10/2013;77;13;28;79;17;46;45;VASCO DA GAMA/RJ
489;19/10/2013;69;77;2;49;4;66;7;VILA NOVA/GO
488;17/10/2013;36;37;34;15;57;60;30;DESPORTIVA/ES
487;15/10/2013;55;57;42;48;5;78;52;SANTA CRUZ/PE
486;10/10/2013;27;51;56;42;39;61;77;VITÓRIA/BA
485;08/10/2013;19;48;28;24;4;5;30;FORTALEZA/CE
484;05/10/2013;47;28;71;4;39;29;33;GRÊMIO/RS
483;03/10/2013;26;31;12;55;71;79;36;GRÊMIO/RS
482;01/10/2013;16;55;35;80;21;15;33;RIO BRANCO/ES
481;28/09/2013;25;78;6;76;3;37;26;VILLA NOVA/MG
480;26/09/2013;68;10;35;12;38;60;28;SANTOS/SP
479;24/09/2013;29;65;26;44;31;80;72;BRASILIENSE/DF
478;21/09/2013;69;11;27;47;63;43;38;RIO BRANCO/ES
477;19/09/2013;71;14;55;68;41;28;12;VITÓRIA/BA
476;17/09/2013;29;73;45;58;13;43;48;SÃO PAULO/SP
475;14/09/2013;76;36;63;64;28;65;68;RIO BRANCO/AC
474;12/09/2013;38;25;63;48;62;5;57;PAULISTA/SP
473;10/09/2013;32;73;65;55;63;70;71;BARUERI/SP
472;05/09/2013;63;18;12;7;20;11;28;VILA NOVA/GO
471;03/09/2013;66;56;43;71;18;20;65;PORTUGUESA DESPORTOS/SP
470;31/08/2013;75;22;64;48;38;37;56;BOTAFOGO/PB
469;29/08/2013;59;36;18;49;25;65;77;NÁUTICO/PE
468;27/08/2013;79;14;56;11;33;24;16;DESPORTIVA/ES
467;24/08/2013;40;42;1;34;19;53;80;RIVER/PI
466;22/08/2013;66;50;11;31;64;43;72;RORAIMA/RR
465;20/08/2013;62;23;71;12;79;39;47;BOTAFOGO/PB
464;17/08/2013;76;16;37;2;12;60;45;OPERARIO/MS
463;15/08/2013;48;66;68;5;55;63;4;TUNA LUSO/PA
462;13/08/2013;57;39;28;12;11;70;71;CSA/AL
461;10/08/2013;4;24;11;67;3;22;76;BRAGANTINO/SP
460;08/08/2013;18;39;46;29;52;60;9;BAHIA/BA
459;06/08/2013;41;10;44;8;2;50;14;UBERLÂNDIA/MG
458;03/08/2013;66;12;77;64;31;30;25;ATLÉTICO/GO
457;01/08/2013;25;46;40;68;2;9;72;MOTO CLUBE/MA
456;30/07/2013;43;17;11;73;72;24;36;JOINVILLE/SC
455;27/07/2013;70;21;60;18;23;78;76;AMÉRICA/MG
454;25/07/2013;58;68;69;10;42;61;2;SAMPAIO CORRÊA/MA
453;23/07/2013;57;32;46;1;66;5;79;AMERICANO/RJ
452;20/07/2013;37;67;38;79;74;40;70;MOTO CLUBE/MA
451;18/07/2013;44;20;78;22;48;29;36;FORTALEZA/CE
450;16/07/2013;76;27;9;15;24;6;44;ATLÉTICO/PR
449;13/07/2013;10;69;53;38;64;36;24;VILA NOVA/GO
448;11/07/2013;80;63;32;21;16;42;1;MOTO CLUBE/MA
447;09/07/2013;51;49;23;10;29;70;25;FLUMINENSE/RJ
446;06/07/2013;57;77;43;29;35;15;65;JUVENTUDE/RS
445;04/07/2013;46;9;64;76;17;38;28;BARUERI/SP
444;02/07/2013;3;79;35;46;11;56;72;ITUANO/SP
443;29/06/2013;79;71;73;13;8;51;53;CRICIÚMA/SC
442;27/06/2013;53;1;39;43;15;50;66;BRASILIENSE/DF
441;25/06/2013;23;13;38;60;19;63;20;SÃO CAETANO/SP
440;22/06/2013;56;39;58;72;27;54;12;INTERNACIONAL/RS
439;20/06/2013;69;36;1;6;62;70;46;RORAIMA/RR
438;18/06/2013;42;20;74;29;52;17;36;ATLÉTICO/PR
437;15/06/2013;37;30;78;60;45;15;57;CORINTHIANS/SP
436;13/06/2013;23;16;9;6;24;10;1;ATLÉTICO/GO
435;11/06/2013;22;53;36;58;57;34;15;JUVENTUS/SP
434;08/06/2013;27;21;47;10;25;60;80;VITÓRIA/BA
433;06/06/2013;79;36;1;43;72;4;17;MOTO CLUBE/MA
432;04/06/2013;64;70;21;28;31;58;11;SANTOS/SP
431;01/06/2013;28;2;44;46;48;72;1;BARUERI/SP
430;28/05/2013;79;54;11;21;32;28;78;SÃO PAULO/SP
429;25/05/2013;40;61;6;47;38;75;5;BANGU/RJ
428;23/05/2013;48;74;25;39;6;14;13;GRÊMIO/RS
427;21/05/2013;13;16;74;63;67;31;45;RIO BRANCO/ES
426;18/05/2013;43;45;28;75;20;6;32;ATLÉTICO/PR
425;16/05/2013;6;19;54;68;24;7;2;CRUZEIRO/MG
424;14/05/2013;16;70;13;29;78;44;80;IPATINGA/MG
423;11/05/2013;77;4;45;35;72;71;46;NÁUTICO/PE
422;09/05/2013;4;52;6;39;8;31;43;SPORT/PE
421;07/05/2013;17;12;65;79;40;1;42;ATLÉTICO/GO
420;04/05/2013;37;23;67;56;66;45;32;LONDRINA/PR
419;02/05/2013;44;16;2;70;3;24;5;SAMPAIO CORRÊA/MA
418;30/04/2013;39;31;60;44;6;25;32;NÁUTICO/PE
417;27/04/2013;43;22;41;16;44;36;28;CORITIBA/PR
416;25/04/2013;49;16;56;69;2;38;27;REMO/PA
415;23/04/2013;12;45;55;35;54;1;41;JUVENTUDE/RS
414;20/04/2013;20;40;44;79;36;13;60;FIGUEIRENSE/SC
413;18/04/2013;76;64;66;31;61;33;67;ITUANO/SP
412;16/04/2013;23;39;10;44;70;62;29;RORAIMA/RR
411;13/04/2013;54;2;15;79;49;21;67;ATLÉTICO/GO
410;11/04/2013;6;33;18;32;10;37;58;ATLÉTICO/PR
409;09/04/2013;75;5;73;34;56;64;41;BAHIA/BA
408;06/04/2013;75;46;15;27;9;31;63;INTERNACIONAL/RS
407;03/04/2013;51;6;63;77;47;75;73;PALMAS/TO
406;30/03/2013;70;32;30;33;55;4;65;CRB/AL
405;27/03/2013;12;28;22;13;53;66;78;REMO/PA
404;23/03/2013;50;32;7;26;62;21;16;RIVER/PI
403;20/03/2013;67;14;8;46;64;32;51;ATLÉTICO/PR
402;16/03/2013;55;38;53;40;77;79;73;AVAÍ/SC
401;13/03/2013;65;41;16;32;77;24;19;VASCO DA GAMA/RJ
400;09/03/2013;65;80;68;45;42;11;69;SERGIPE/SE
399;06/03/2013;14;19;42;1;24;29;20;SÃO PAULO/SP
398;02/03/2013;47;57;73;16;74;80;65;PARANÁ/PR
397;27/02/2013;34;20;1;45;71;72;57;SERGIPE/SE
396;23/02/2013;23;3;28;49;48;31;63;TUNA LUSO/PA
395;20/02/2013;20;49;58;40;47;30;36;REMO/PA
394;16/02/2013;59;74;20;34;17;72;45;AMÉRICA/RJ
393;13/02/2013;31;51;59;10;70;39;33;BANGU/RJ
392;09/02/2013;75;20;58;55;64;2;65;GAMA/DF
391;06/02/2013;53;48;80;78;54;7;37;SÃO PAULO/SP
390;02/02/2013;22;21;44;67;32;45;46;VILA NOVA/GO
389;30/01/2013;43;41;36;23;1;42;34;NÁUTICO/PE
388;26/01/2013;58;6;70;54;63;27;61;BRAGANTINO/SP
387;23/01/2013;63;66;76;29;6;48;8;AMÉRICA/MG
386;19/01/2013;67;72;35;3;32;52;79;AMÉRICA/RN
385;16/01/2013;9;23;64;34;24;44;7;TUNA LUSO/PA
384;12/01/2013;42;63;24;7;28;65;8;BRAGANTINO/SP
383;09/01/2013;56;30;41;59;79;35;52;SANTOS/SP
382;05/01/2013;17;7;10;61;4;35;22;MIXTO/MT
381;02/01/2013;25;24;7;54;20;48;21;OLARIA/RJ
380;29/12/2012;38;51;35;39;16;41;24;SANTOS/SP
379;26/12/2012;62;31;4;73;20;60;11;FIGUEIRENSE/SC
378;22/12/2012;73;16;44;57;49;10;8;FLAMENGO/RJ
377;19/12/2012;56;11;69;79;43;4;39;REMO/PA
376;15/12/2012;52;74;11;16;53;23;20;TUNA LUSO/PA
375;12/12/2012;12;19;29;15;65;51;9;TREZE/PB
374;08/12/2012;20;71;26;25;32;23;47;CEARÁ/CE
373;05/12/2012;47;53;48;22;66;80;15;PONTE PRETA/SP
372;01/12/2012;53;62;15;25;80;76;77;SÃO PAULO/SP
371;28/11/2012;11;44;55;20;57;43;37;SÃO RAIMUNDO/AM
370;24/11/2012;49;78;52;11;48;12;63;UBERLÂNDIA/MG
369;21/11/2012;8;2;24;4;50;33;65;SAMPAIO CORRÊA/MA
368;17/11/2012;18;32;58;59;2;17;71;AMÉRICA/RJ
367;14/11/2012;53;66;68;20;4;3;63;AMÉRICA/MG
366;10/11/2012;75;12;11;52;13;65;51;ITUANO/SP
365;07/11/2012;61;20;73;33;58;49;9;ATLÉTICO/PR
364;03/11/2012;8;78;60;62;47;1;19;ATLÉTICO/MG
363;31/10/2012;37;70;7;49;63;66;44;TREZE/PB
362;27/10/2012;33;38;64;61;55;6;37;NACIONAL/AM
361;24/10/2012;24;50;16;29;79;77;75;GOIÁS/GO
360;20/10/2012;10;69;31;33;42;4;21;SÃO CAETANO/SP
359;17/10/2012;78;17;65;14;64;1;28;CORINTHIANS/SP
358;13/10/2012;64;11;80;21;23;46;73;PARANÁ/PR
357;10/10/2012;2;36;16;39;18;53;66;MOTO CLUBE/MA
356;06/10/2012;70;62;25;13;4;28;6;CRB/AL
355;03/10/2012;57;16;33;24;72;10;73;FLUMINENSE/RJ
354;29/09/2012;79;8;80;22;63;57;37;SAMPAIO CORRÊA/MA
353;26/09/2012;38;25;66;44;65;74;6;TUNA LUSO/PA
352;22/09/2012;47;70;59;6;19;52;1;AVAÍ/SC
351;19/09/2012;54;61;4;52;1;59;18;GAMA/DF
350;15/09/2012;43;39;6;68;14;13;70;BRAGANTINO/SP
349;12/09/2012;29;21;45;80;58;54;72;TUNA LUSO/PA
348;08/09/2012;45;11;18;42;77;55;57;BRAGANTINO/SP
347;05/09/2012;79;22;21;33;45;7;2;YPIRANGA/AP
346;01/09/2012;13;22;38;76;12;33;72;BOTAFOGO/RJ
345;29/08/2012;22;76;40;54;25;32;4;UBERLÂNDIA/MG
344;25/08/2012;63;8;30;22;42;39;45;PAULISTA/SP
343;22/08/2012;46;80;14;6;3;57;47;GOIÁS/GO
342;18/08/2012;31;57;12;13;40;47;18;MARÍLIA/SP
341;15/08/2012;60;71;33;31;27;43;12;SERGIPE/SE
340;11/08/2012;57;19;73;26;75;63;5;AVAÍ/SC
339;08/08/2012;41;49;7;33;50;45;20;FLAMENGO/RJ
338;04/08/2012;66;54;68;79;48;18;4;BAHIA/BA
337;01/08/2012;41;71;24;37;40;54;57;GRÊMIO/RS
336;28/07/2012;79;75;5;40;7;45;25;UNIÃO BARBARENSE/SP
335;25/07/2012;26;32;36;20;33;58;76;CRICIÚMA/SC
334;21/07/2012;45;18;76;80;66;2;48;BOTAFOGO/PB
333;18/07/2012;25;5;16;60;64;65;45;ATLÉTICO/PR
332;14/07/2012;30;6;63;7;45;34;10;AMÉRICA/RN
331;11/07/2012;11;5;57;71;16;47;41;SERGIPE/SE
330;07/07/2012;42;30;25;79;32;4;35;VILLA NOVA/MG
329;04/07/2012;73;67;61;71;63;79;21;FIGUEIRENSE/SC
328;30/06/2012;29;25;65;73;69;38;55;RIO BRANCO/AC
327;27/06/2012;13;64;9;59;63;12;35;FIGUEIRENSE/SC
326;23/06/2012;16;23;5;45;60;56;20;CORINTHIANS/SP
325;20/06/2012;70;68;3;2;31;57;67;MIXTO/MT
324;16/06/2012;74;12;47;55;25;28;39;ABC/RN
323;13/06/2012;6;41;31;34;25;24;46;AMÉRICA/MG
322;09/06/2012;66;19;46;50;3;65;34;MOTO CLUBE/MA
321;06/06/2012;16;76;24;60;66;71;46;LONDRINA/PR
320;02/06/2012;54;10;39;55;35;69;43;PAULISTA/SP
319;30/05/2012;31;60;22;18;70;55;21;BANGU/RJ
318;26/05/2012;9;43;3;66;27;80;33;FIGUEIRENSE/SC
317;23/05/2012;72;60;21;40;70;6;65;VASCO DA GAMA/RJ
316;19/05/2012;32;25;33;27;44;75;14;CORINTHIANS/SP
315;16/05/2012;52;4;6;63;60;58;51;IPATINGA/MG
314;12/05/2012;48;30;10;32;44;54;35;TUNA LUSO/PA
313;09/05/2012;42;33;52;73;19;71;58;UNIÃO BARBARENSE/SP
312;05/05/2012;17;45;64;11;5;12;43;RORAIMA/RR
311;02/05/2012;3;56;21;33;69;29;12;SERGIPE/SE
310;28/04/2012;70;20;9;66;32;65;19;ATLÉTICO/GO
309;25/04/2012;9;2;33;16;38;67;24;AMERICANO/RJ
308;20/04/2012;61;8;17;2;70;47;7;ATLÉTICO/GO
307;18/04/2012;13;65;5;61;49;72;80;SPORT/PE
306;14/04/2012;40;70;73;53;51;63;32;SANTO ANDRE/SP
305;11/04/2012;49;35;41;75;24;31;32;BRASILIENSE/DF
304;07/04/2012;2;59;27;68;80;42;58;YPIRANGA/AP
303;04/04/2012;80;50;24;55;10;48;52;ATLÉTICO/MG
302;31/03/2012;74;32;6;3;17;5;35;REMO/PA
301;28/03/2012;27;57;65;41;71;26;13;BOTAFOGO/PB
300;24/03/2012;71;28;21;69;48;59;6;GOIÁS/GO
299;21/03/2012;72;4;3;68;71;12;30;NÁUTICO/PE
298;17/03/2012;12;19;11;21;75;26;7;BOTAFOGO/RJ
297;14/03/2012;42;31;20;17;34;15;37;SPORT/PE
296;10/03/2012;35;60;13;80;15;10;5;MOTO CLUBE/MA
295;07/03/2012;16;26;48;10;31;13;11;AMÉRICA/MG
294;03/03/2012;39;13;54;40;23;16;42;INTERNACIONAL/RS
293;01/03/2012;46;34;33;69;21;51;18;NACIONAL/AM
292;25/02/2012;6;23;59;71;58;57;11;SANTO ANDRÉ/SP
291;22/02/2012;57;21;39;47;22;64;10;PAYSANDU/PA
290;18/02/2012;57;38;58;52;28;21;19;INTERNACIONAL/RS
289;15/02/2012;58;21;47;37;45;4;64;TUNA LUSO/PA
288;11/02/2012;33;32;52;56;3;54;75;JI-PARANÁ / RO
287;08/02/2012;1;22;18;26;55;50;36;PALMEIRAS/SP
286;04/02/2012;61;38;6;39;27;40;30;PONTE PRETA/SP
285;01/02/2012;71;25;8;11;67;47;26;PORTUGUESA DESPORTOS/SP
284;28/01/2012;7;37;9;50;47;63;73;PARANÁ/PR
283;25/01/2012;66;40;11;69;36;28;18;GUARANI/SP
282;21/01/2012;40;79;26;7;72;17;23;UNIÃO BARBARENSE/SP
281;18/01/2012;5;80;23;40;48;22;46;RIVER/PI
280;14/01/2012;11;72;35;61;7;9;74;RORAIMA/RR
279;11/01/2012;75;6;49;74;34;18;65;IPATINGA/MG
278;07/01/2012;8;16;7;54;72;60;18;ATLÉTICO/PR
277;04/01/2012;47;7;22;60;3;67;23;NÁUTICO/PE
276;31/12/2011;31;52;57;33;59;71;60;BARUERI/SP
275;28/12/2011;75;24;18;8;57;58;41;JUVENTUS/SP
274;24/12/2011;36;9;60;26;78;34;5;GRÊMIO/RS
273;21/12/2011;66;58;60;52;70;48;11;P.  DESPORTOS/SP
272;17/12/2011;14;40;6;4;78;10;18;TREZE/PB
271;14/12/2011;67;77;47;74;56;50;26;AMERICANO/RJ
270;10/12/2011;15;51;40;50;41;54;5;LONDRINA/PR
269;07/12/2011;73;59;79;68;56;65;40;OLARIA/RJ
268;03/12/2011;39;52;18;1;70;27;7;MOTO CLUBE/MA
267;30/11/2011;61;32;71;16;5;15;59;IPATINGA/MG
266;26/11/2011;41;13;66;46;52;19;35;SAMPAIO CORRÊA/MA
265;23/11/2011;15;78;56;37;36;34;44;AMERICANO/RJ
264;19/11/2011;58;7;26;6;79;67;78;ATLÉTICO/GO
263;16/11/2011;13;3;16;61;25;71;38;VILA NOVA/GO
262;12/11/2011;50;2;24;58;80;61;72;BRASILIENSE/DF
261;09/11/2011;32;74;1;21;4;24;49;SANTOS/SP
260;05/11/2011;62;2;36;42;29;3;14;FLAMENGO/RJ
259;03/11/2011;54;75;13;47;30;15;73;RIO BRANCO/ES
258;29/10/2011;29;60;55;56;19;25;74;RORAIMA/RR
257;26/10/2011;47;41;80;61;48;13;58;BRAGANTINO/SP
256;22/10/2011;13;73;67;57;31;44;46;VASCO DA GAMA/RJ
255;19/10/2011;75;14;26;10;3;31;51;INTER LIMEIRA/SP
254;15/10/2011;66;19;45;50;31;71;28;AMERICANO/RJ
253;13/10/2011;67;73;48;39;41;17;35;RIO BRANCO/ES
252;08/10/2011;35;16;1;65;33;13;43;RIO BRANCO/ES
251;05/10/2011;59;80;39;75;65;1;16;SÃO PAULO/SP
250;01/10/2011;78;37;22;20;60;49;14;OLARIA/RJ
249;28/09/2011;31;61;9;27;16;72;22;UNIÃO SÃO JOÃO/SP
248;24/09/2011;80;43;23;72;16;51;14;AMÉRICA/RJ
247;21/09/2011;39;61;13;11;66;62;34;GRÊMIO/RS
246;17/09/2011;51;2;35;75;63;13;55;JUVENTUS/SP
245;14/09/2011;39;69;79;25;41;77;34;TUNA LUSO/PA
244;10/09/2011;73;10;53;50;76;32;70;INTER LIMEIRA/SP
243;08/09/2011;47;15;77;49;40;52;1;CSA/AL
242;03/09/2011;41;6;46;73;54;48;23;CRUZEIRO/MG
241;31/08/2011;55;25;30;18;16;10;4;SÃO PAULO/SP
240;27/08/2011;23;41;19;54;51;29;63;RIO BRANCO/ES
239;24/08/2011;37;43;58;74;15;8;5;PONTE PRETA/SP
238;20/08/2011;30;25;70;28;26;76;63;OPERARIO/MS
237;17/08/2011;10;40;11;78;29;47;34;RIVER/PI
236;13/08/2011;21;39;6;69;29;35;62;DESPORTIVA/ES
235;10/08/2011;72;36;48;43;66;60;11;SAMPAIO CORRÊA/MA
234;06/08/2011;8;22;35;62;30;23;2;CRICIÚMA/SC
233;03/08/2011;16;41;68;78;11;56;32;CEARÁ/CE
232;30/07/2011;63;28;21;64;60;65;75;XV PIRACICABA/SP
231;27/07/2011;41;55;18;17;62;50;30;YPIRANGA/AP
230;23/07/2011;69;25;4;19;54;35;63;RIVER/PI
229;20/07/2011;26;47;10;51;24;11;36;S. PAULO/SP
228;16/07/2011;34;76;39;59;13;25;55;AMÉRICA/RJ
227;13/07/2011;27;62;3;75;44;63;34;AMÉRICA/RJ
226;09/07/2011;39;29;19;16;45;67;71;RORAIMA/RR
225;06/07/2011;45;37;61;2;26;47;30;BOTAFOGO/RJ
224;02/07/2011;16;14;74;21;20;28;17;MOTO CLUBE/MA
223;29/06/2011;55;18;72;56;59;10;5;NACIONAL/AM
222;25/06/2011;3;2;61;56;7;11;65;INTER LIMEIRA/SP
221;22/06/2011;34;79;44;74;38;59;6;TREZE/PB
220;18/06/2011;5;28;65;32;23;9;25;SERGIPE/SE
219;15/06/2011;54;65;42;19;35;60;45;CRICIÚMA/SC
218;11/06/2011;2;74;20;28;48;32;60;JUVENTUDE/RS
217;08/06/2011;31;57;48;21;4;13;72;CORINTHIANS/SP
216;04/06/2011;55;65;9;41;4;15;57;RIO BRANCO/ES
215;01/06/2011;1;50;78;48;4;42;17;GAMA/DF
214;28/05/2011;17;12;66;56;70;6;71;SANTO ANDRÉ/SP
213;25/05/2011;35;14;6;52;23;28;12;UNIÃO SÃO JOÃO/SP
212;21/05/2011;13;35;49;51;43;19;22;NACIONAL/AM
211;18/05/2011;39;26;5;32;23;56;36;FLAMENGO/RJ
210;14/05/2011;61;38;60;51;17;52;26;VILLA NOVA/MG
209;11/05/2011;10;47;73;77;33;67;54;JOINVILLE/SC
208;07/05/2011;12;11;15;7;4;70;13;BOTAFOGO/PB
207;04/05/2011;59;19;57;55;67;39;61;P.  DESPORTOS/SP
206;30/04/2011;71;2;36;77;30;66;11;BRAGANTINO/SP
205;27/04/2011;21;66;35;29;33;41;18;GOIÁS/GO
204;23/04/2011;21;36;25;78;44;67;45;VASCO DA GAMA/RJ
203;20/04/2011;77;61;8;67;73;65;19;AMÉRICA/RJ
202;16/04/2011;67;60;76;65;41;73;25;AMERICANO/RJ
201;13/04/2011;30;50;27;78;37;3;40;ATLÉTICO/MG
200;09/04/2011;75;79;27;36;31;9;23;BRASILIENSE/DF
199;06/04/2011;46;16;17;57;56;60;47;REMO/PA
198;02/04/2011;69;37;8;30;45;54;64;MOTO CLUBE/MA
197;30/03/2011;4;11;16;24;55;66;79;JUVENTUDE/RS
196;26/03/2011;70;24;11;67;78;5;41;GRÊMIO/RS
195;23/03/2011;62;53;8;40;21;52;13;NACIONAL/AM
194;19/03/2011;63;33;24;8;72;45;61;MARÍLIA/SP
193;16/03/2011;14;13;45;68;75;27;31;SÃO CAETANO/SP
192;12/03/2011;71;67;27;14;28;38;7;MOTO CLUBE/MA
191;09/03/2011;42;34;41;24;27;79;33;SANTO ANDRÉ/SP
190;05/03/2011;70;65;23;71;73;68;4;FIGUEIRENSE/SC
189;02/03/2011;53;20;17;31;12;27;35;A B C/RN
188;26/02/2011;78;79;29;27;77;73;28;SÃO PAULO/SP
187;23/02/2011;76;80;30;7;11;61;77;AMÉRICA/RJ
186;19/02/2011;30;55;13;29;31;75;34;AMÉRICA/RJ
185;16/02/2011;41;62;59;26;7;45;50;PAULISTA/SP
184;12/02/2011;55;25;36;59;62;48;74;NACIONAL/AM
183;09/02/2011;39;36;51;71;24;32;16;MOTO CLUBE/MA
182;05/02/2011;37;3;30;61;51;2;57;UNIÃO SÃO JOÃO/SP
181;02/02/2011;15;6;63;33;80;32;54;RIVER/PI
180;29/01/2011;56;36;16;73;35;32;74;BOTAFOGO/RJ
179;26/01/2011;1;38;51;68;63;60;69;MIXTO/MT
178;22/01/2011;27;39;80;71;50;11;72;IPATINGA/MG
177;19/01/2011;25;34;30;62;59;80;12;RORAIMA/RR
176;15/01/2011;66;25;80;40;34;50;52;PALMAS/TO
175;12/01/2011;66;13;30;59;5;32;67;XV NOV. PIRACICABA/SP
174;08/01/2011;35;48;1;4;14;24;3;PAYSANDU/PA
173;05/01/2011;70;34;10;68;6;74;59;TREZE/PB
172;31/12/2010;57;26;47;74;12;32;13;SANTO ANDRÉ/SP
171;29/12/2010;9;71;55;64;26;23;35;SANTA CRUZ/PE
170;24/12/2010;20;55;64;27;56;11;51;LONDRINA/PR
169;22/12/2010;66;23;39;63;24;51;12;SAMPAIO CORRÊA/MA
168;18/12/2010;79;74;47;31;4;20;15;TREZE/PB
167;15/12/2010;59;29;40;24;8;10;30;PARANÁ/PR
166;11/12/2010;4;75;51;72;48;71;53;REMO/PA
165;08/12/2010;39;31;67;45;13;62;80;PONTE PRETA/SP
164;04/12/2010;31;36;10;63;33;7;49;CSA/AL
163;01/12/2010;23;62;27;80;22;77;51;SANTA CRUZ/PE
162;27/11/2010;50;10;23;47;44;34;72;PALMEIRAS/SP
161;24/11/2010;55;70;56;47;80;59;52;FIGUEIRENSE/SC
160;20/11/2010;71;34;35;45;55;16;7;FLAMENGO/RJ
159;17/11/2010;12;76;29;56;70;2;28;BRASILIENSE/DF
158;13/11/2010;35;30;9;26;28;19;53;RORAIMA/RR
157;10/11/2010;26;67;29;54;78;63;73;AMERICANO/RJ
156;06/11/2010;77;50;49;70;27;69;19;SANTO ANDRÉ/SP
155;03/11/2010;28;23;55;48;71;21;67;CSA/AL
154;30/10/2010;14;22;1;6;36;19;52;PALMAS/TO
153;27/10/2010;3;46;15;10;80;57;20;SÃO  CAETANO/SP
152;23/10/2010;20;8;2;65;16;27;51;BOTAFOGO/RJ
151;20/10/2010;1;79;65;41;62;47;45;JUVENTUDE/RS
150;16/10/2010;8;63;61;10;17;40;79;RORAIMA/RR
149;13/10/2010;13;29;61;63;62;15;46;SÃO RAIMUNDO/AM
148;09/10/2010;70;30;27;39;49;73;78;RIO BRANCO/ES
147;06/10/2010;49;61;78;70;69;12;76;SERGIPE/SE
146;02/10/2010;27;79;46;56;15;43;53;SANTO ANDRÉ/SP
145;29/09/2010;67;35;2;55;74;75;65;ATLÉTICO/GO
144;25/09/2010;12;32;61;31;75;80;70;SÃO RAIMUNDO/AM
143;22/09/2010;61;4;5;60;26;62;1;ITUANO/SP
142;18/09/2010;55;65;76;79;40;61;80;SANTO ANDRÉ/SP
141;15/09/2010;26;63;55;47;62;72;21;CRUZEIRO/MG
140;11/09/2010;27;47;26;74;25;66;36;BANGU/RJ
139;08/09/2010;61;11;27;35;31;44;1;RIO BRANCO/AC
138;04/09/2010;60;18;17;33;71;40;34;TREZE/PB
137;01/09/2010;15;32;50;70;58;71;26;MIXTO/MT
136;28/08/2010;13;11;52;22;41;3;36;OPERARIO/MS
135;25/08/2010;23;49;62;8;9;55;58;JUVENTUS/SP
134;21/08/2010;49;2;4;78;51;60;75;NACIONAL/AM
133;18/08/2010;62;14;26;4;20;52;66;FLUMINENSE/RJ
132;14/08/2010;26;66;36;19;71;39;78;INTERNACIONAL/RS
131;11/08/2010;41;11;4;42;40;39;24;UNIÃO BARBARENSE/SP
130;07/08/2010;45;76;30;68;12;51;57;ATLÉTICO/GO
129;04/08/2010;10;69;8;22;28;55;70;FORTALEZA/CE
128;31/07/2010;70;27;20;78;38;8;16;INTER LIMEIRA/SP
127;28/07/2010;48;79;1;78;19;9;35;INTERNACIONAL/RS
126;24/07/2010;37;17;64;23;72;30;16;CORITIBA/PR
125;21/07/2010;25;72;5;19;41;56;69;BARUERI/SP
124;17/07/2010;46;16;43;70;1;71;20;BARUERI/SP
123;10/07/2010;54;60;3;17;61;37;56;BRAGANTINO/SP
122;03/07/2010;64;67;52;70;48;49;69;RIVER/PI
121;26/06/2010;67;31;47;8;35;43;76;MARÍLIA/SP
120;19/06/2010;14;1;73;44;7;46;51;BRASILIENSE/DF
119;12/06/2010;72;11;56;44;19;28;41;SÃO PAULO/SP
118;05/06/2010;60;30;68;59;66;29;42;INTERNACIONAL/RS
117;29/05/2010;51;76;40;79;61;10;33;CRUZEIRO/MG
116;22/05/2010;12;62;65;34;4;24;54;XV NOV. PIRACICABA/SP
115;15/05/2010;35;72;20;55;49;3;54;RIO BRANCO/AC
114;08/05/2010;17;68;60;79;44;77;18;PALMEIRAS/SP
113;30/04/2010;39;17;75;24;4;69;77;UNIÃO S.JOÃO/SP
112;24/04/2010;50;70;39;60;5;67;7;RIVER/PI
111;17/04/2010;2;1;67;69;13;31;8;AMÉRICA/RJ
110;10/04/2010;42;41;63;3;14;59;24;UNIÃO SÃO JOÃO/SP
109;03/04/2010;12;51;10;68;8;15;66;SANTOS/SP
108;27/03/2010;34;38;26;5;79;78;20;CORINTHIANS/SP
107;20/03/2010;58;13;38;46;6;9;80;BAHIA/BA
106;13/03/2010;19;11;18;17;59;73;75;INTER LIMEIRA/SP
105;06/03/2010;10;2;51;75;52;3;17;MARÍLIA/SP
104;27/02/2010;4;66;62;69;58;61;80;UNIÃO SÃO JOÃO/SP
103;20/02/2010;21;3;80;16;42;71;7;RORAIMA/RR
102;13/02/2010;28;49;34;77;45;26;48;GAMA/DF
101;06/02/2010;1;76;80;46;63;59;60;CEARÁ/CE
100;30/01/2010;38;36;74;58;72;70;14;PAYSANDU/PA
99;23/01/2010;12;52;63;60;28;66;5;LONDRINA/PR
98;16/01/2010;35;28;41;71;40;5;50;GOIÁS/GO
97;09/01/2010;60;4;45;40;15;66;38;AMÉRICA/RJ
96;26/12/2009;9;4;51;20;32;80;36;PORTUGUESA DESPORTOS/SP
95;19/12/2009;67;34;74;73;30;36;13;AMÉRICA/RN
94;12/12/2009;52;46;34;12;56;79;7;IPATINGA/MG
93;05/12/2009;46;60;47;8;17;4;30;MOTO CLUBE/MA
92;28/11/2009;62;9;40;39;1;4;56;YPIRANGA/AP
91;21/11/2009;17;5;76;12;25;57;52;ATLÉTICO/GO
90;14/11/2009;73;65;68;71;76;44;69;SÃO PAULO/SP
89;07/11/2009;41;4;8;62;72;73;10;RIVER/PI
88;31/10/2009;60;9;75;19;65;40;18;PALMEIRAS/SP
87;24/10/2009;55;21;11;37;72;34;25;VASCO DA GAMA/RJ
86;17/10/2009;71;80;41;23;19;32;55;JUVENTUS/SP
85;10/10/2009;50;67;9;21;17;36;64;AMÉRICA/MG
84;03/10/2009;4;7;10;73;34;3;27;SAMPAIO CORRÊA/MA
83;26/09/2009;62;28;25;52;11;78;48;RORAIMA/RR
82;19/09/2009;30;46;42;43;57;64;63;FIGUEIRENSE/SC
81;12/09/2009;66;12;7;80;15;6;68;AMÉRICA/RJ
80;05/09/2009;43;15;8;48;44;42;20;CRB/AL
79;29/08/2009;8;80;37;46;52;39;2;NACIONAL/AM
78;22/08/2009;38;56;22;44;48;39;52;VITÓRIA/BA
77;15/08/2009;23;19;20;44;49;64;57;BANGU/RJ
76;08/08/2009;51;25;64;46;34;52;76;TREZE/PB
75;01/08/2009;50;59;52;12;6;22;72;RIVER/PI
74;25/07/2009;51;25;60;40;20;3;31;AMÉRICA/RJ
73;18/07/2009;39;7;3;75;57;42;48;TREZE/PB
72;11/07/2009;1;21;55;6;26;40;36;PORTUGUESA DESPORTOS/SP
71;04/07/2009;28;52;27;3;78;9;8;PAYSANDU/PA
70;27/06/2009;6;45;8;19;46;73;18;MARÍLIA/SP
69;20/06/2009;78;5;55;10;71;8;38;TUNA LUSO/PA
68;13/06/2009;80;52;4;41;24;13;49;REMO/PA
67;06/06/2009;70;13;20;32;74;79;21;ATLÉTICO/GO
66;30/05/2009;16;4;17;24;71;31;59;UBERLÂNDIA/MG
65;23/05/2009;11;28;72;79;59;36;14;CORITIBA/PR
64;16/05/2009;77;64;44;51;71;56;40;SERGIPE/SE
63;09/05/2009;13;17;45;62;56;29;48;AMÉRICA/MG
62;02/05/2009;59;16;80;69;19;70;33;INTERNACIONAL/RS
61;25/04/2009;14;70;4;50;41;64;42;JUVENTUDE/RS
60;18/04/2009;55;53;39;69;24;23;54;RIO BRANCO/ES
59;11/04/2009;27;9;30;2;72;61;38;SPORT/PE
58;04/04/2009;30;9;47;38;4;32;71;JUVENTUDE/RS
57;29/03/2009;56;23;41;31;61;67;12;BOTAFOGO/RJ
56;21/03/2009;76;14;45;18;44;61;60;IPATINGA/MG
55;15/03/2009;77;26;43;69;60;37;14;ATLÉTICO/GO
54;07/03/2009;38;40;8;20;18;71;48;FLAMENGO/RJ
53;28/02/2009;66;71;1;13;60;16;44;GAMA/DF
52;22/02/2009;71;55;42;38;53;29;1;RIO BRANCO/ES
51;15/02/2009;30;28;67;27;15;43;52;MARÍLIA/SP
50;08/02/2009;5;24;20;23;77;72;56;VILA NOVA/GO
49;01/02/2009;38;20;12;36;27;17;69;CEARÁ/CE
48;24/01/2009;59;65;16;52;33;20;80;ATLÉTICO/MG
47;18/01/2009;79;25;29;46;64;27;73;XV NOV. PIRACICABA/SP
46;10/01/2009;60;69;8;57;16;36;75;UBERLÂNDIA/MG
45;04/01/2009;28;55;20;71;34;26;76;SPORT/PE
44;28/12/2008;20;66;76;27;21;64;30;SANTOS/SP
43;21/12/2008;23;42;10;66;60;52;73;FLAMENGO/RJ
42;14/12/2008;19;41;8;78;50;71;47;BARUERI/SP
41;07/12/2008;79;25;63;37;75;42;19;BANGU/RJ
40;30/11/2008;64;76;36;45;54;35;9;FIGUEIRENSE/SC
39;23/11/2008;61;13;31;28;80;52;41;RIO BRANCO/ES
38;16/11/2008;21;69;71;30;35;8;49;GOIÁS/GO
37;09/11/2008;51;55;12;19;37;6;8;SÃO RAIMUNDO/AM
36;01/11/2008;10;42;54;72;20;58;59;MIXTO/MT
35;26/10/2008;77;20;16;50;25;70;75;FORTALEZA/CE
34;19/10/2008;28;57;48;29;56;60;34;VASCO DA GAMA/RJ
33;11/10/2008;62;78;35;30;79;29;13;SÃO RAIMUNDO/AM
32;05/10/2008;54;19;2;23;25;45;41;VITÓRIA/BA
31;28/09/2008;70;1;63;12;46;52;74;BAHIA/BA
30;21/09/2008;9;69;19;44;33;20;1;AMÉRICA/RN
29;14/09/2008;49;8;34;4;25;68;52;RIO BRANCO/AC
28;07/09/2008;78;26;15;66;55;24;72;SANTOS/SP
27;31/08/2008;8;20;55;31;54;4;48;GRÊMIO/RS
26;24/08/2008;48;22;54;7;74;70;14;ATLÉTICO/MG
25;17/08/2008;47;4;49;23;51;75;44;YPIRANGA/AP
24;10/08/2008;62;78;72;80;59;61;4;PARANÁ/PR
23;03/08/2008;17;12;20;62;16;23;60;GAMA/DF
22;27/07/2008;7;52;78;21;4;55;60;LONDRINA/PR
21;20/07/2008;15;59;80;75;1;46;65;FLUMINENSE/RJ
20;13/07/2008;19;39;64;73;37;53;28;FIGUEIRENSE/SC
19;06/07/2008;44;60;49;26;75;55;38;CSA/AL
18;29/06/2008;33;54;63;26;15;9;70;PORTUGUESA DESPORTOS/SP
17;22/06/2008;10;50;23;12;30;20;53;FIGUEIRENSE/SC
16;15/06/2008;57;5;52;59;38;55;42;FORTALEZA/CE
15;08/06/2008;3;58;20;21;9;25;64;VILA NOVA/GO
14;31/05/2008;68;15;19;51;60;57;32;BRASILIENSE/DF
13;24/05/2008;75;37;6;79;73;28;32;UNIÃO BARBARENSE/SP
12;17/05/2008;15;2;73;13;24;56;39;AMÉRICA/RN
11;10/05/2008;37;75;3;12;71;11;50;PAULISTA/SP
10;04/05/2008;23;74;37;14;1;53;59;JI-PARANÁ / RO
9;27/04/2008;5;56;69;37;78;24;58;PALMAS/TO
8;20/04/2008;75;48;76;50;71;61;74;ATLÉTICO/MG
7;13/04/2008;42;15;77;37;18;55;29;UBERLÂNDIA/MG
6;05/04/2008;55;60;8;17;80;1;59;RIO BRANCO/AC
5;29/03/2008;15;58;24;20;23;54;51;MIXTO/MT
4;22/03/2008;66;71;15;38;70;68;54;SÃO RAIMUNDO/AM
3;15/03/2008;36;43;9;74;72;29;21;NÁUTICO/PE
2;08/03/2008;77;18;31;25;20;63;50;SÃO PAULO/SP
1;01/03/2008;71;51;63;57;24;80;31;PALMAS/TO
